video,frame,time_s,arena_cx,arena_cy,arena_r,food_x,food_y,leech_idx,ant_x,ant_y,post_x,post_y,mid_x,mid_y,heading_am_rad,food_dir_rad,food_align_deg,body_align_deg,is_straight
IMG_2855_dish0.mp4,2719,90.67564863603016,505.8000030517578,614.9999694824219,427.19998931884766,,,0,269.84470019934133,602.2616481699308,339.7303518030829,615.9815306933648,303.71566017906883,619.4115013242232,2.6728945824799153,,,32.29475337152392,False
IMG_2855_dish0.mp4,2719,90.67564863603016,505.8000030517578,614.9999694824219,427.19998931884766,,,1,263.842251595339,802.0574374174374,390.92925476160895,663.9890812146273,346.8816728307254,729.7406871737359,-2.4251051274988775,,,15.129808564203179,True
IMG_2855_dish0.mp4,2719,90.67564863603016,505.8000030517578,614.9999694824219,427.19998931884766,,,2,281.8005423715144,724.9975764663182,328.84132306389495,707.5554892433007,310.34213964554306,717.5979030989774,-2.8879185574511523,,,13.961183537704922,True
IMG_2855_dish0.mp4,2719,90.67564863603016,505.8000030517578,614.9999694824219,427.19998931884766,,,3,184.37934573799896,785.9091350593097,303.1420788314739,842.5036504684751,249.97753405316743,814.6351390927498,2.728839394042171,,,4.014218575471566,True
IMG_2855_dish0.mp4,2719,90.67564863603016,505.8000030517578,614.9999694824219,427.19998931884766,,,4,338.7280355753928,904.6718681527842,376.45771251483615,866.5134448844834,431.33724260857184,863.0834742536249,-2.7195089949725286,,,159.39272213478748,False
IMG_2855_dish0.mp4,2719,90.67564863603016,505.8000030517578,614.9999694824219,427.19998931884766,,,5,225.11133334677496,354.17292174929946,180.1847450450632,434.51223259471345,211.897630905095,396.4567695626752,1.267911458419925,,,22.451546456003793,False
IMG_2855_dish0.mp4,2719,90.67564863603016,505.8000030517578,614.9999694824219,427.19998931884766,,,6,402.74859755219336,960.1603938864836,365.44766694160734,970.0215594502016,409.179792485053,979.4539786850625,1.892546881191539,,,120.60640703150952,False
IMG_2855_dish0.mp4,2719,90.67564863603016,505.8000030517578,614.9999694824219,427.19998931884766,,,7,576.4433853482515,964.4078325538532,646.3264562514137,985.2924284559476,640.703680431619,941.9167292746748,-2.8049178342030703,,,101.90400306792112,False
IMG_2855_dish0.mp4,2719,90.67564863603016,505.8000030517578,614.9999694824219,427.19998931884766,,,8,858.9760102157567,440.9907481845516,824.4421993393004,446.85498022017623,821.1842926528423,444.24865487100976,0.08599429119424155,,,136.4130817982611,False
IMG_2855_dish0.mp4,41379,1379.9439738544654,547.800048828125,487.8000030517578,423.7200241088867,644.3997743927243,435.27579497879793,0,458.18137108535393,603.0506837722075,389.5819584681843,707.6647880133913,418.7367088304814,658.787706523658,0.9549263748553715,0.7806090774483763,9.9876454375476,4.471043223330437,True
IMG_2855_dish0.mp4,41379,1379.9439738544654,547.800048828125,487.8000030517578,423.7200241088867,644.3997743927243,435.27579497879793,1,545.8547089541706,594.5192814081499,704.9476863519972,838.7085025303953,626.7225678972519,729.2990463132853,2.111215827065481,1.5107468115547442,34.4043403171408,4.600095666263244,True
IMG_2855_dish0.mp4,41379,1379.9439738544654,547.800048828125,487.8000030517578,423.7200241088867,644.3997743927243,435.27579497879793,2,830.742149726798,474.01031514002864,699.1336734076657,563.8634917434521,768.9020222997358,519.9939996370748,0.6393859056861724,2.5441047776369077,109.1323525216962,4.472930155868283,True
IMG_2855_dish0.mp4,41379,1379.9439738544654,547.800048828125,487.8000030517578,423.7200241088867,644.3997743927243,435.27579497879793,3,659.4925660826259,439.6546887916608,680.1059418916466,621.4752343891768,673.2348166219731,550.121241204105,1.6945623932589804,1.816788315343713,7.003029482550005,1.5908617851257985,True
IMG_2855_dish0.mp4,41379,1379.9439738544654,547.800048828125,487.8000030517578,423.7200241088867,644.3997743927243,435.27579497879793,4,597.1238905578966,486.16692138637416,591.3098614835574,549.5926931064379,571.2250337722039,518.4083553440732,0.894059379238036,0.8490188707061821,2.5806310459982185,71.55845180144333,False
IMG_2855_dish0.mp4,41379,1379.9439738544654,547.800048828125,487.8000030517578,423.7200241088867,644.3997743927243,435.27579497879793,5,634.6508054922676,266.8194553097969,505.1565215638042,156.88145099501986,598.180986753231,176.96627870637337,-1.185229264140328,-1.3937420051277534,11.946900033283972,55.72497800464965,False
IMG_2855_dish0.mp4,41379,1379.9439738544654,547.800048828125,487.8000030517578,423.7200241088867,644.3997743927243,435.27579497879793,6,578.6247071395446,353.50134332721734,552.725850353852,180.66611539004376,505.1565215638042,262.59107052845934,-0.8911119220160317,-0.8921991805620322,0.0622953259253688,69.08443334676582,False
IMG_2855_dish0.mp4,41379,1379.9439738544654,547.800048828125,487.8000030517578,423.7200241088867,644.3997743927243,435.27579497879793,7,563.963772436635,433.1140381552487,447.7735173163039,436.97275511496446,505.6542717120408,432.6852918263914,-0.007352808666690638,-0.018668729052368476,0.6483544794053793,4.657679703227381,True
IMG_2855_dish0.mp4,41379,1379.9439738544654,547.800048828125,487.8000030517578,423.7200241088867,644.3997743927243,435.27579497879793,8,355.59304352768254,440.4027388301226,431.4811437354265,440.83148515897994,398.4676764134136,401.8155692329647,-2.4087775518032877,-0.13522443657678712,130.26499800129903,91.75085418654275,False
IMG_2855_dish0.mp4,14189,473.1874874941639,547.800048828125,487.8000030517578,423.7200241088867,587.5783645313156,452.8785880009912,0,341.0309508084513,593.0231382549449,403.19916849276126,565.1546268792197,368.8994621841764,576.7307777583671,-2.6125621825101444,0.5153210268031415,179.21450670348636,11.66167447263011,True
IMG_2855_dish0.mp4,14189,473.1874874941639,547.800048828125,487.8000030517578,423.7200241088867,587.5783645313156,452.8785880009912,1,341.4596971373086,620.4629033018127,425.49397759334136,650.4751463218245,381.33310572103846,640.185234429249,2.682255362722801,0.7373129849030066,111.43698964521299,13.201652014260244,True
IMG_2855_dish0.mp4,14189,473.1874874941639,547.800048828125,487.8000030517578,423.7200241088867,587.5783645313156,452.8785880009912,2,231.70062631884372,410.80594849058775,299.4425462782987,454.109327705176,266.8578252851432,437.38822087974097,2.494200513849865,-0.0482611400279631,145.67232234105063,9.927852239709651,True
IMG_2855_dish0.mp4,14189,473.1874874941639,547.800048828125,487.8000030517578,423.7200241088867,587.5783645313156,452.8785880009912,3,186.25351545996884,332.34537030970006,174.24861825196413,460.5405226380358,202.9746222854039,402.6597682422989,1.8042647069012727,-0.1298383257325213,110.81594091336972,39.77178735604912,False
IMG_2855_dish0.mp4,14189,473.1874874941639,547.800048828125,487.8000030517578,423.7200241088867,587.5783645313156,452.8785880009912,4,476.0860574828036,714.7871218190203,582.8438933682739,752.0880524296063,525.3918853013943,737.939423577315,2.7025879423836017,1.35600976543589,77.15324632352444,11.318263981815587,True
IMG_2855_dish0.mp4,14189,473.1874874941639,547.800048828125,487.8000030517578,423.7200241088867,587.5783645313156,452.8785880009912,5,266.00033671627216,711.3571511881617,453.7912352979239,782.5290417784752,355.60832598959985,772.6678762147571,2.5415424742127812,0.9432364690547465,91.57618846597019,28.644978441046185,False
IMG_2855_dish0.mp4,14189,473.1874874941639,547.800048828125,487.8000030517578,423.7200241088867,587.5783645313156,452.8785880009912,6,599.1362538648516,849.842215409073,708.4665677234657,830.1198842816367,648.8708280122996,833.1211085836379,-2.817258125615996,1.7306146726377798,99.42608289770693,15.70003615072672,True
IMG_2855_dish0.mp4,14189,473.1874874941639,547.800048828125,487.8000030517578,423.7200241088867,587.5783645313156,452.8785880009912,7,935.3048303451894,480.69133840833786,897.575153405746,322.48394305999034,760.3763281714068,215.2973608456628,-0.9880312361489025,-2.1996245926705664,69.41918581478062,161.38871258407897,False
IMG_2855_dish0.mp4,14189,473.1874874941639,547.800048828125,487.8000030517578,423.7200241088867,587.5783645313156,452.8785880009912,8,840.1231453388665,256.8857547448219,,,,,,,,,False
IMG_2855_dish0.mp4,73900,2464.4834255986125,547.800048828125,487.8000030517578,423.7200241088867,,,0,662.5418030301958,606.925395703996,644.0669681937276,630.2197526717166,662.5418030301958,655.1206170165215,1.5707963267948966,,,143.42696902148057,False
IMG_2855_dish0.mp4,73900,2464.4834255986125,547.800048828125,487.8000030517578,423.7200241088867,,,1,737.2443960646104,430.2095842247354,677.0003694239534,627.0067379175482,711.5402780312634,551.5008911945915,1.3619654331508564,,,12.616445644819796,True
IMG_2855_dish0.mp4,73900,2464.4834255986125,547.800048828125,487.8000030517578,423.7200241088867,,,2,783.8331100000518,700.1028235748786,853.7161809032139,709.7418678373838,808.7339743448566,783.6412071832563,1.860487898040056,,,132.0732027393347,False
IMG_2855_dish0.mp4,73900,2464.4834255986125,547.800048828125,487.8000030517578,423.7200241088867,,,3,188.6221267903608,573.188740785228,216.73600588933408,700.1028235748786,201.47418580703433,641.4653043113058,1.7568545039439014,,,3.928570438339216,True
IMG_2855_dish0.mp4,73900,2464.4834255986125,547.800048828125,487.8000030517578,423.7200241088867,,,4,567.2240039210111,414.69285541737247,543.7670757785124,264.829147840298,558.1018651989284,350.8378843627929,-1.428899272190734,,,1.3322198538698153,True
IMG_2855_dish0.mp4,73900,2464.4834255986125,547.800048828125,487.8000030517578,423.7200241088867,,,5,624.5631616026744,313.0461667998785,472.09312867643337,336.5030949423771,545.0702384530957,311.7430041252952,-0.016391974308005687,,,19.680531390928348,True
IMG_2855_dish0.mp4,73900,2464.4834255986125,547.800048828125,487.8000030517578,423.7200241088867,,,6,553.5407958378869,485.0636398448683,434.9529924508106,436.84662088528785,497.5048008308069,435.54345821070456,-0.7237479927581898,,,42.66119484009121,False
IMG_2855_dish0.mp4,73900,2464.4834255986125,547.800048828125,487.8000030517578,423.7200241088867,,,7,557.4502838616368,428.3760635004967,599.8030707855926,516.9911253721582,554.8439585124702,479.8509891465353,1.5202066180255107,,,53.33890883028726,False
IMG_2855_dish0.mp4,40776,1359.8345894750885,547.800048828125,487.8000030517578,423.7200241088867,637.4534115028546,433.79278131423393,0,461.54085371213625,602.4760559080735,389.24802174334786,708.5055427956297,419.7716619079474,663.5233362372725,0.9707461133931425,0.8123216381862584,9.077053800929413,0.22065017817544857,True
IMG_2855_dish0.mp4,40776,1359.8345894750885,547.800048828125,487.8000030517578,423.7200241088867,637.4534115028546,433.79278131423393,1,543.4727299434297,590.4272505799421,706.5332287174746,837.8293866509068,616.5688156007601,725.3738702550137,2.067219080199778,1.4992930906730313,32.539762275673574,10.21687962972675,True
IMG_2855_dish0.mp4,40776,1359.8345894750885,547.800048828125,487.8000030517578,423.7200241088867,637.4534115028546,433.79278131423393,2,819.7511002311526,460.97193816400915,691.9846942316741,563.013564432049,756.7253898891279,521.8539168617472,0.7680988512415761,2.505607400207174,99.5519067236285,11.562188975119714,True
IMG_2855_dish0.mp4,40776,1359.8345894750885,547.800048828125,487.8000030517578,423.7200241088867,637.4534115028546,433.79278131423393,3,665.4024218425209,483.69549359344654,681.6947823390987,617.03560186807,673.1198557619524,551.8661598817589,1.6835239383852734,1.864151266096254,10.3491835425656,1.0370412610112947,True
IMG_2855_dish0.mp4,40776,1359.8345894750885,547.800048828125,487.8000030517578,423.7200241088867,637.4534115028546,433.79278131423393,4,585.2268321776046,477.26429866058686,593.8017587547508,554.4386378549027,573.6506812984572,517.9951999020313,1.2938874874771389,0.9223661079874816,21.286607043635573,44.80572049561317,False
IMG_2855_dish0.mp4,40776,1359.8345894750885,547.800048828125,487.8000030517578,423.7200241088867,637.4534115028546,433.79278131423393,5,568.5057253521695,429.244709828568,447.17051428555067,442.964592352002,515.341180573863,433.5321731171411,0.0804710112654611,-0.002134166245666243,4.732928037316569,3.267050353206261,True
IMG_2855_dish0.mp4,40776,1359.8345894750885,547.800048828125,487.8000030517578,423.7200241088867,637.4534115028546,433.79278131423393,6,492.1888788155683,412.95234933199026,427.8769294869717,440.82086070771544,444.5980363124068,408.66488604341714,-0.08984753969462807,-0.1295640919323359,2.2755908200315265,67.67345319785917,False
IMG_2855_dish0.mp4,40776,1359.8345894750885,547.800048828125,487.8000030517578,423.7200241088867,637.4534115028546,433.79278131423393,7,568.9344716810269,352.927856749817,555.6433354864503,184.85929583775143,520.4861365201508,278.7547418575024,-0.9921894199106627,-0.9244581211792304,3.880717558250854,53.67910241724071,False
IMG_2855_dish0.mp4,40776,1359.8345894750885,547.800048828125,487.8000030517578,423.7200241088867,637.4534115028546,433.79278131423393,8,724.1406427273732,181.42932520689297,505.90876133900224,153.56081383116776,587.7993101507486,160.42075509288475,-0.15288562328689775,-1.391119538783589,70.94557740791902,3.97123441225266,True
IMG_2855_dish0.mp4,6091,203.1281264590142,505.8000183105469,615.0000152587891,421.3200454711914,,,0,280.36006009337723,723.6711660413712,326.9638320324102,706.9772775855981,308.8787862053228,715.3242218134847,-2.8568622150670806,,,8.461288142571403,True
IMG_2855_dish0.mp4,6091,203.1281264590142,505.8000183105469,615.0000152587891,421.3200454711914,,,1,342.26656311686884,487.86999160357743,388.1747563702446,669.0682392172803,362.7861343437565,586.9899543097297,1.7749303291273817,,,5.491973694008537,True
IMG_2855_dish0.mp4,6091,203.1281264590142,505.8000183105469,615.0000152587891,421.3200454711914,,,2,280.36006009337723,577.2518527105287,338.7886696885828,621.0733099069329,315.8345730618949,597.0758452517591,2.6320003887808694,,,17.07554397399242,True
IMG_2855_dish0.mp4,6091,203.1281264590142,505.8000183105469,615.0000152587891,421.3200454711914,,,3,230.9962544376002,357.4155888583625,179.5042013334816,431.68297314314896,209.21115504739615,388.11277436274094,0.9536049352545343,,,1.0755849098601105,True
IMG_2855_dish0.mp4,6091,203.1281264590142,505.8000183105469,615.0000152587891,421.3200454711914,,,4,836.0278935207318,449.50714348278046,836.0278935207318,448.5169116923166,837.0181253111957,448.5169116923166,-2.3561944901923737,,,135.00000000000165,False
IMG_2855_dish0.mp4,6091,203.1281264590142,505.8000183105469,615.0000152587891,421.3200454711914,,,5,591.7507879419875,950.6037971465428,390.3807584442257,940.170116861685,483.2404917520862,972.1667364019164,0.19616247745459467,,,30.251664429554562,False
IMG_2855_dish0.mp4,6091,203.1281264590142,505.8000183105469,615.0000152587891,421.3200454711914,,,6,364.2965365047035,902.9566571790244,430.0287222993097,860.178568011106,396.29315604493513,892.8707662369948,-2.8362340735011524,,,26.604382407908936,False
IMG_2855_dish0.mp4,6091,203.1281264590142,505.8000183105469,615.0000152587891,421.3200454711914,,,7,122.58295650593396,712.7158866517776,299.6077320056936,850.4404664119048,205.0090307563132,788.8817527312419,2.3956476912893847,,,9.686024138842445,True
IMG_2855_dish0.mp4,6091,203.1281264590142,505.8000183105469,615.0000152587891,421.3200454711914,,,8,523.8619006562079,977.5558579351168,660.890901730678,972.6868071355163,598.2888200215292,962.600916193487,-2.943298621385094,,,20.513750197362288,False
IMG_2855_dish0.mp4,24920,831.0544920963116,544.9312591552734,484.8235340118408,421.22526454925537,624.1720832859005,437.40283858863813,0,399.120882144159,341.8212473701378,295.7189789168723,452.1745390496791,319.17991494323144,394.82558431857893,0.5854900460207234,-0.1387047270606279,41.49330404299578,34.20486775887986,False
IMG_2855_dish0.mp4,24920,831.0544920963116,544.9312591552734,484.8235340118408,421.22526454925537,624.1720832859005,437.40283858863813,1,619.1021760242584,769.2425025077207,441.4796635579166,638.8450231177476,495.04835779379744,740.3436016699429,-0.22887267336789577,1.1678807328048713,80.02807519422159,49.062465385890086,False
IMG_2855_dish0.mp4,24920,831.0544920963116,544.9312591552734,484.8235340118408,421.22526454925537,624.1720832859005,437.40283858863813,2,401.3031428810059,737.5241967101597,415.400167679922,780.5201223468534,449.2330271973205,768.5376512677749,2.5672878234150933,1.0847646104906006,84.94232313074814,127.59230857035011,False
IMG_2855_dish0.mp4,24920,831.0544920963116,544.9312591552734,484.8235340118408,421.22526454925537,624.1720832859005,437.40283858863813,3,552.1413082294073,606.4218660802408,415.400167679922,562.7210892036011,476.7222255552066,573.9987090427339,-0.406019181523332,0.7472046334446043,66.07485743163852,12.842473105848425,True
IMG_2855_dish0.mp4,24920,831.0544920963116,544.9312591552734,484.8235340118408,421.22526454925537,624.1720832859005,437.40283858863813,4,513.3744900323883,673.3827338750918,696.6358124182964,559.1968330038721,589.4984239465348,608.5364198000782,-2.4360244759045826,1.3708908192132039,141.8798206259506,15.69876435340895,True
IMG_2855_dish0.mp4,24920,831.0544920963116,544.9312591552734,484.8235340118408,421.22526454925537,624.1720832859005,437.40283858863813,5,586.6790189867515,562.7210892036011,593.7275313862095,756.5551801886963,603.5954487454508,674.0875851150377,1.7215427079153183,1.4840774777312842,13.605755470647745,15.460593814104277,True
IMG_2855_dish0.mp4,24920,831.0544920963116,544.9312591552734,484.8235340118408,421.22526454925537,624.1720832859005,437.40283858863813,6,495.7532090337433,605.0121636003491,704.3891760577003,839.7276265023007,597.9566388258843,726.9514281109726,2.2683706702601927,1.4805034930578205,45.14146407058168,3.374319627719537,True
IMG_2855_dish0.mp4,24920,831.0544920963116,544.9312591552734,484.8235340118408,421.22526454925537,624.1720832859005,437.40283858863813,7,717.8940482779994,424.5065282383909,588.1046565639981,239.828230777499,665.8639397054262,352.46483944559714,-0.945311286555668,-2.0270975534977556,61.981787430994245,1.2181873308185578,True
IMG_2855_dish0.mp4,61941,2065.663976522377,544.9312591552734,484.8235340118408,421.22526454925537,,,0,414.2845766992683,409.7379299800715,433.4008949429683,441.01917801521705,448.1725954040093,401.9176179712851,-2.914793805535907,,,123.69006752597986,False
IMG_2855_dish0.mp4,61941,2065.663976522377,544.9312591552734,484.8235340118408,421.22526454925537,,,1,598.4963706840143,471.4315024938308,513.3418621438959,333.27265700527124,535.9338746137232,424.5096304411125,-0.6435011087932841,,,39.22232454430133,False
IMG_2855_dish0.mp4,61941,2065.663976522377,544.9312591552734,484.8235340118408,421.22526454925537,,,2,610.6613004754598,342.8308161271213,495.96339101325947,427.1164011107079,536.8027981702551,363.684981483885,0.2751892491291714,,,41.45794013326004,False
IMG_2855_dish0.mp4,61941,2065.663976522377,544.9312591552734,484.8235340118408,421.22526454925537,,,3,222.25247070573585,556.5860110339493,218.77677647960857,699.9583978616997,208.3496938012267,635.658054678345,1.3967510869521578,,,19.183084228147813,True
IMG_2855_dish0.mp4,61941,2065.663976522377,544.9312591552734,484.8235340118408,421.22526454925537,,,4,672.3635853806775,473.95243521671074,684.3705335128097,623.1816477160692,676.9376608595851,533.9871758773721,1.646839886074015,,,0.4066666848797527,True
IMG_2855_dish0.mp4,61941,2065.663976522377,544.9312591552734,484.8235340118408,421.22526454925537,,,5,540.2871559272223,386.473241682604,538.571877622632,264.1167226218273,542.0024342318127,327.58201989166946,-1.599914308301936,,,4.762395507210498,True
IMG_2855_dish0.mp4,61941,2065.663976522377,544.9312591552734,484.8235340118408,421.22526454925537,,,6,585.0064645711541,834.7813826809054,716.3082191277035,837.7911650203106,647.8356709062366,849.4540715855055,2.9121714339247498,,,22.81127010059055,False
IMG_2855_dish0.mp4,61941,2065.663976522377,544.9312591552734,484.8235340118408,421.22526454925537,,,7,614.3000112761301,842.5276721445805,559.3216145603577,862.9683581030088,576.9428955590027,865.7877630627919,0.5569015241055862,,,40.99838385647525,False
IMG_2855_dish0.mp4,66062,2203.0947775628624,544.9312591552734,484.8235340118408,421.22526454925537,637.9870204747699,429.1799269730455,0,496.1906806286362,645.8767527862901,443.5888126211995,739.6453001038947,452.73696357901457,697.335101924,0.86953640392862,0.9662502204969997,5.54129350997058,27.978765194526506,False
IMG_2855_dish0.mp4,66062,2203.0947775628624,544.9312591552734,484.8235340118408,421.22526454925537,637.9870204747699,429.1799269730455,1,661.4291398554578,488.0711487639802,677.4384040316343,619.575818782572,678.0101634664977,551.5364460338224,1.826345420736279,1.8869288339445462,3.471173885330825,15.123350347071787,True
IMG_2855_dish0.mp4,66062,2203.0947775628624,544.9312591552734,484.8235340118408,421.22526454925537,637.9870204747699,429.1799269730455,2,578.5240218002588,434.8975213216801,436.1559225192616,436.041040191407,515.0587245304166,445.1891911492221,0.1607627406258355,0.12950367229213047,1.7910126870323262,15.824487023131502,True
IMG_2855_dish0.mp4,66062,2203.0947775628624,544.9312591552734,484.8235340118408,421.22526454925537,637.9870204747699,429.1799269730455,3,633.4129275471493,350.27712496189065,497.33418204964994,425.749370363865,535.6420641855005,360.56879478943256,0.1048769387302333,-0.5905765215818327,39.84654812365027,53.54741836257985,False
IMG_2855_dish0.mp4,66062,2203.0947775628624,544.9312591552734,484.8235340118408,421.22526454925537,637.9870204747699,429.1799269730455,4,591.1027293672545,385.7262099234241,543.6466962735888,262.2261719929205,544.7902151433157,374.86278066101863,-0.23040243605886304,-0.5276928332280598,17.03348504756298,76.21724976678897,False
IMG_2855_dish0.mp4,66062,2203.0947775628624,544.9312591552734,484.8235340118408,421.22526454925537,637.9870204747699,429.1799269730455,5,575.0934651910782,484.6405921547995,513.3434462258264,334.2678607857142,537.3573424900909,424.6058514941381,-1.0096329145065432,-0.045423271556221737,55.24514310686946,17.266028292264874,True
IMG_2855_dish0.mp4,66062,2203.0947775628624,544.9312591552734,484.8235340118408,421.22526454925537,637.9870204747699,429.1799269730455,6,744.2303611665313,813.9551123920049,689.3398595347064,849.0978358990047,678.8745872564808,809.1823051674266,-0.07289868001083459,1.677982139445429,100.31808138525099,108.8682299039679,False
IMG_2855_dish0.mp4,66062,2203.0947775628624,544.9312591552734,484.8235340118408,421.22526454925537,637.9870204747699,429.1799269730455,7,251.09543977925065,656.9470124990905,208.4259894919797,688.485301841856,225.12273090873788,669.0057701889714,0.4346702151492422,0.5262442636023036,5.246806489286935,24.493936546900546,False
IMG_2855_dish0.mp4,66062,2203.0947775628624,544.9312591552734,484.8235340118408,421.22526454925537,637.9870204747699,429.1799269730455,8,576.8536312376115,464.1015616688873,551.6467041450934,394.1241222777177,565.5669474648422,432.49884710513334,-1.2277723863741936,0.04579668829550095,72.97013289695509,0.28416768615225335,True
IMG_2855_dish0.mp4,221,7.3701060494897614,504.6000213623047,613.8000793457031,421.08003997802734,,,0,261.40842857613603,531.6949272716456,340.71795030573753,618.8890213369384,298.04850001846654,586.4231352487975,2.160752052858943,,,18.931624895976913,True
IMG_2855_dish0.mp4,221,7.3701060494897614,504.6000213623047,613.8000793457031,421.08003997802734,,,1,244.71168715937785,574.3643775589165,394.9823599102017,667.1240520964622,322.1660153982284,648.572117188953,2.3775979490564634,,,29.48011402705674,False
IMG_2855_dish0.mp4,221,7.3701060494897614,504.6000213623047,613.8000793457031,421.08003997802734,,,2,275.7861781294556,739.01279986306,329.58678936123204,703.3003251661049,303.15028211803156,721.3884617009263,-2.5693990095817996,,,1.5960638579757516,True
IMG_2855_dish0.mp4,221,7.3701060494897614,504.6000213623047,613.8000793457031,421.08003997802734,,,3,307.7882658449088,391.164020347264,180.24371335578363,431.97827714378406,242.8564936686269,374.93107730319355,-0.24497866312686395,,,56.37324270185931,False
IMG_2855_dish0.mp4,221,7.3701060494897614,504.6000213623047,613.8000793457031,421.08003997802734,,,4,164.4405557442425,749.7671590543588,294.8017068931074,846.3945035462805,234.7669662324459,806.943102540703,2.458970101172577,,,5.800760429393531,True
IMG_2855_dish0.mp4,221,7.3701060494897614,504.6000213623047,613.8000793457031,421.08003997802734,,,5,353.69292868404193,830.9569988049675,436.0262873043776,864.6908054619106,381.1373815574872,856.114413938959,2.399645385583874,,,33.62978792748078,False
IMG_2855_dish0.mp4,221,7.3701060494897614,504.6000213623047,613.8000793457031,421.08003997802734,,,6,492.6304713558585,970.4663009116472,394.28784855934634,943.5936074730656,437.741565608968,956.7440744749248,-0.24497866312686026,,,2.801229157750096,True
IMG_2855_dish0.mp4,221,7.3701060494897614,504.6000213623047,613.8000793457031,421.08003997802734,,,7,853.4675713334619,439.06681810740304,803.4174855841468,450.358605745968,836.3772981507689,445.4756705509129,0.35877067027057147,,,12.129076198102801,True
IMG_2855_dish0.mp4,221,7.3701060494897614,504.6000213623047,613.8000793457031,421.08003997802734,,,8,587.4350898524866,976.3431319579918,657.9324425010213,971.7051482311144,637.5253141027613,945.2686409879138,-2.5863294392975735,,,84.14861749922913,False
IMG_2855_dish0.mp4,54324,1811.645434536117,544.9546279907227,497.0555534362793,428.1438961029053,,,0,584.4872940310611,688.1877187095669,714.2766857450624,841.9910066878329,625.0822139063655,835.7016529043351,1.8393427016480477,,,70.5800150446062,False
IMG_2855_dish0.mp4,54324,1811.645434536117,544.9546279907227,497.0555534362793,428.1438961029053,,,1,507.87152975935976,721.92152536651,466.7048504491919,661.8867847058485,506.15625145476946,679.0395677517517,-1.5308176396716073,,,64.2108242814095,False
IMG_2855_dish0.mp4,54324,1811.645434536117,544.9546279907227,497.0555534362793,428.1438961029053,,,2,474.7094825372801,494.9330297257234,431.2557654876585,440.61588341369634,462.1307749702844,436.0418079347888,-1.3603661234484234,,,86.3702064876481,False
IMG_2855_dish0.mp4,54324,1811.645434536117,544.9546279907227,497.0555534362793,428.1438961029053,,,3,290.60295541669745,314.2570308601623,319.19092715986955,430.3241961374411,285.45712050292644,386.298719652956,1.4994888620096058,,,41.54617164046556,False
IMG_2855_dish0.mp4,54324,1811.645434536117,544.9546279907227,497.0555534362793,428.1438961029053,,,4,667.3924120862602,476.6367103613799,680.5428790881193,624.7224039910116,671.3947281303042,564.68766333035,1.616219606216473,,,6.061573230608321,True
IMG_2855_dish0.mp4,54324,1811.645434536117,544.9546279907227,497.0555534362793,428.1438961029053,,,5,569.6215487246116,471.4908754476089,510.1585674988135,331.981573340929,545.0358930254836,409.1690970474937,-1.1950442720222865,,,2.7869128502141556,True
IMG_2855_dish0.mp4,54324,1811.645434536117,544.9546279907227,497.0555534362793,428.1438961029053,,,6,480.998836320778,317.68758746934293,493.57754388777374,530.3820972385436,509.01504862908666,428.6089178328507,1.818199227596968,,,22.800325233422885,False
IMG_2855_dish0.mp4,54324,1811.645434536117,544.9546279907227,497.0555534362793,428.1438961029053,,,7,572.1674555734292,116.91253798417875,502.4128045200892,158.65097672921004,532.1442951329882,137.4958776392627,0.47501075626509703,,,8.217202452978086,True
IMG_2855_dish0.mp4,54324,1811.645434536117,544.9546279907227,497.0555534362793,428.1438961029053,,,8,840.8943899592471,391.35706671863113,830.0309606968417,321.6024156652912,839.7508710895202,357.62326006168803,-1.5369109968907784,,,13.159611770470933,True
IMG_2855_dish0.mp4,51194,1707.2633895818049,544.9546279907227,497.0555534362793,428.1438961029053,643.440664684557,440.54855224604296,0,560.8274683171829,564.0183570695035,706.7316749859637,838.9103406483657,626.3786336321424,697.9400926592057,2.0259874777605327,1.5046049291345696,29.87301954804212,3.602608357090046,True
IMG_2855_dish0.mp4,51194,1707.2633895818049,544.9546279907227,497.0555534362793,428.1438961029053,643.440664684557,440.54855224604296,1,546.0255922783211,659.8781257021324,435.3639476068304,666.2217868616447,493.86660052233185,663.4023819018614,0.06746502452190563,0.9796786116784905,52.2659885585616,1.1063535112314833,True
IMG_2855_dish0.mp4,51194,1707.2633895818049,544.9546279907227,497.0555534362793,428.1438961029053,643.440664684557,440.54855224604296,2,541.0916335987005,259.5226227573147,505.1442203614646,149.56582932576976,567.1711294766951,198.9054161219758,-1.9770906367045369,-1.26506355791214,40.79614651383325,74.77829547765728,False
IMG_2855_dish0.mp4,51194,1707.2633895818049,544.9546279907227,497.0555534362793,428.1438961029053,643.440664684557,440.54855224604296,3,660.2114931495407,189.0374987627346,566.4662782367493,149.56582932576976,610.1670551133889,153.79493676544456,-0.6135561455119166,-1.4552774003606104,48.22707542928574,29.62663748049123,False
IMG_2855_dish0.mp4,51194,1707.2633895818049,544.9546279907227,497.0555534362793,428.1438961029053,643.440664684557,440.54855224604296,4,469.40593372622374,404.0863184250628,438.8822935616242,444.449816274303,420.20664530302054,411.5164150440772,0.14988775210772992,-0.1293266087148433,15.997804454576366,110.96847342133631,False
IMG_2855_dish0.mp4,51194,1707.2633895818049,544.9546279907227,497.0555534362793,428.1438961029053,643.440664684557,440.54855224604296,5,403.13750442150103,392.84076678547353,453.7424867996529,444.449816274303,434.4643982746427,406.89770633496016,2.7198053937189766,-0.15965658151591294,164.98101844936272,38.65881240326136,False
IMG_2855_dish0.mp4,51194,1707.2633895818049,544.9546279907227,497.0555534362793,428.1438961029053,643.440664684557,440.54855224604296,6,462.07976532662906,429.25606604080906,500.1112318870227,594.832085090328,482.9506920975768,507.6379910250351,1.831030394433663,0.3959512355931165,82.22397906874757,3.776314550576329,True
IMG_2855_dish0.mp4,51194,1707.2633895818049,544.9546279907227,497.0555534362793,428.1438961029053,643.440664684557,440.54855224604296,7,574.3189715170593,464.9685407377641,508.4596025954018,332.32220614907396,550.6652545099851,411.6317278786754,-1.1533790995424313,-0.30214339036345256,48.77221350678103,4.104043737794472,True
IMG_2855_dish0.mp4,51194,1707.2633895818049,544.9546279907227,497.0555534362793,428.1438961029053,643.440664684557,440.54855224604296,8,671.2528314087943,459.40296026551135,677.2822102537349,623.5875841969671,666.1510493092294,548.9160461942429,1.5138631023040439,1.7773749583755638,15.098117204556878,11.740585450966707,True
IMG_2855_dish0.mp4,31917,1064.3967184686187,544.9546279907227,497.0555534362793,428.1438961029053,,,0,577.2958068765515,402.3547681914593,429.21011324691995,436.66033428326585,500.6800426048502,416.6487540630454,0.1844466433447571,,,5.0742322481994,True
IMG_2855_dish0.mp4,31917,1064.3967184686187,544.9546279907227,497.0555534362793,428.1438961029053,,,1,611.0296135334945,498.4103532485177,588.1592361389569,545.8663863421833,588.1592361389569,511.5608202503768,0.5218342798144097,,,60.10109816138549,False
IMG_2855_dish0.mp4,31917,1064.3967184686187,544.9546279907227,497.0555534362793,428.1438961029053,,,2,692.7912127189668,547.009900849732,592.7333116178644,757.4173728794788,640.7611041463936,663.0770661270108,1.1493771199070923,,,2.834688757801187,True
IMG_2855_dish0.mp4,31917,1064.3967184686187,544.9546279907227,497.0555534362793,428.1438961029053,,,3,730.5273354199539,745.4104247473465,687.0736183703324,564.7344433304986,716.2333495483679,657.9312312132398,-1.408828974808861,,,8.093991444948033,True
IMG_2855_dish0.mp4,31917,1064.3967184686187,544.9546279907227,497.0555534362793,428.1438961029053,,,4,690.5041749795132,143.91949927100504,791.133835515479,361.75984395397654,743.6778024218133,237.6880465886096,2.0866529792218653,,,8.62513231968723,True
IMG_2855_dish0.mp4,31917,1064.3967184686187,544.9546279907227,497.0555534362793,428.1438961029053,,,5,514.9740284764364,146.2065370104588,516.6893067810266,336.6024288199851,503.53883977916746,245.6926786766978,1.4563560215248323,,,14.787921599353744,True
IMG_2855_dish0.mp4,31917,1064.3967184686187,544.9546279907227,497.0555534362793,428.1438961029053,,,6,535.225247026056,657.1588130010709,420.6670489721872,563.0077433454622,496.7299820929746,597.3288229243541,-0.9990671509374319,,,32.956506043223165,False
IMG_2855_dish0.mp4,31917,1064.3967184686187,544.9546279907227,497.0555534362793,428.1438961029053,,,7,382.1717981931088,673.3917560451413,392.83916076492653,774.0360029183784,385.4183868019229,725.8009721588546,1.6326641726592763,,,5.201395806960336,True
IMG_2855_dish0.mp4,31917,1064.3967184686187,544.9546279907227,497.0555534362793,428.1438961029053,,,8,472.6124667132127,857.5197100021694,713.7876205108312,833.8659929950954,596.446632220836,849.6351376664782,-3.078008071214504,,,4.010842890308119,True
IMG_2855_dish0.mp4,51564,1719.6024811578736,544.9546279907227,497.0555534362793,428.1438961029053,,,0,660.4797204716142,308.19471100875444,508.963470232802,152.10438529103467,568.4264514586,206.4215316030617,-0.8355036828493875,,,5.460336642147676,True
IMG_2855_dish0.mp4,51564,1719.6024811578736,544.9546279907227,497.0555534362793,428.1438961029053,,,1,661.6232393413411,189.26874855715843,570.7134891980538,151.53262585617122,621.6000789009001,157.82197963966908,-0.6659692373791102,,,31.11145746250159,False
IMG_2855_dish0.mp4,51564,1719.6024811578736,544.9546279907227,497.0555534362793,428.1438961029053,,,2,577.0028429815517,463.7132772916108,519.2551400603439,336.21092331706313,544.4125551943355,414.5419658933547,-0.9854818888152171,,,15.730696769795596,True
IMG_2855_dish0.mp4,51564,1719.6024811578736,544.9546279907227,497.0555534362793,428.1438961029053,,,3,447.7852107024137,407.68085267499345,502.1023570144407,592.9309095707488,472.9426258364051,505.4517160366421,1.822643013800194,,,4.005196573166275,True
IMG_2855_dish0.mp4,51564,1719.6024811578736,544.9546279907227,497.0555534362793,428.1438961029053,,,4,453.5028050510481,381.37991867127505,428.34538991705665,436.26882441816554,420.3407578289685,407.68085267499345,0.670521557980551,,,67.22419111238659,False
IMG_2855_dish0.mp4,51564,1719.6024811578736,544.9546279907227,497.0555534362793,428.1438961029053,,,5,348.29906903617467,441.41465933193655,451.21576731159433,437.4123432878925,406.6185313922458,444.27345650625375,3.092612252666066,,,11.552532514343406,True
IMG_2855_dish0.mp4,51564,1719.6024811578736,544.9546279907227,497.0555534362793,428.1438961029053,,,6,564.4241354145558,690.1300222218906,435.2065031354179,662.1138099135819,498.67180040526,671.8337203062604,-0.27139528080163705,,,6.842433898181298,True
IMG_2855_dish0.mp4,51564,1719.6024811578736,544.9546279907227,497.0555534362793,428.1438961029053,,,7,557.5630221961947,564.3429465519332,710.7945507395972,838.7874752863855,631.891748728442,704.99576752834,2.0569481745898677,,,2.6752568187959223,True
IMG_2855_dish0.mp4,51564,1719.6024811578736,544.9546279907227,497.0555534362793,428.1438961029053,,,8,682.206578996425,482.58134736646093,683.9218573010153,621.5188900382775,675.9172252129272,547.7619229408933,1.4746028992360276,,,11.705382383171518,True
IMG_2855_dish0.mp4,49116,1637.96438337891,544.9546279907227,497.0555534362793,428.1438961029053,,,0,627.1611587559823,318.07085476596325,511.565555404871,155.25021833848325,564.429398400806,219.39168117355115,-1.0045294300891212,,,7.049818882810138,True
IMG_2855_dish0.mp4,49116,1637.96438337891,544.9546279907227,497.0555534362793,428.1438961029053,,,1,539.0547537627572,106.615482782223,634.2096711554402,191.19763157571913,568.6585058404808,157.36477205832068,2.0988707752212554,,,32.443990625137964,False
IMG_2855_dish0.mp4,49116,1637.96438337891,544.9546279907227,497.0555534362793,428.1438961029053,,,2,426.2785553714291,363.8861853624402,441.08043141029094,432.9616068771287,448.83379504969474,390.67053248038064,2.2706891965141405,,,50.48976536168187,False
IMG_2855_dish0.mp4,49116,1637.96438337891,544.9546279907227,497.0555534362793,428.1438961029053,,,3,572.1827620402098,399.12874735973026,450.9483487695321,446.3537804360989,513.6801091247085,429.4373506773997,0.47800069027462777,,,12.295849478481397,True
IMG_2855_dish0.mp4,49116,1637.96438337891,544.9546279907227,497.0555534362793,428.1438961029053,,,4,424.8688528915376,382.91717152977094,500.992786805684,597.1919484732944,452.35805124942374,491.4642624814242,1.8188284155467842,,,10.491238358473874,True
IMG_2855_dish0.mp4,49116,1637.96438337891,544.9546279907227,497.0555534362793,428.1438961029053,,,5,677.2055967921342,448.4683368447304,682.1395554717548,612.698675752102,672.2716381125135,543.6232542374134,1.5189908700038948,,,11.098336384027762,True
IMG_2855_dish0.mp4,49116,1637.96438337891,544.9546279907227,497.0555534362793,428.1438961029053,,,6,558.0857372412938,625.3859980711264,441.7852826502367,663.4479650281996,494.6491256461718,640.892725349934,0.23974310887045652,,,9.37005855264896,True
IMG_2855_dish0.mp4,49116,1637.96438337891,544.9546279907227,497.0555534362793,428.1438961029053,,,7,505.2218942453589,643.0072763809773,711.0384563095325,836.1365161261267,598.9671091581503,738.8670450136061,2.34504253616673,,,4.68344547317272,True
IMG_2855_dish0.mp4,49116,1637.96438337891,544.9546279907227,497.0555534362793,428.1438961029053,,,8,586.1478531709868,382.9279318387829,494.666343592836,337.1871770497075,567.2797918204932,336.61541761484403,-1.1839206090638692,,,68.28479272470487,False
IMG_2855_dish0.mp4,1338,44.62082305075702,514.3561706542969,614.4375,428.14393615722656,,,0,250.85009575800677,326.5459566441898,178.72944056586564,436.03032476719886,220.43777127939305,384.7638349318216,1.0893991027375913,,,11.548370349188124,True
IMG_2855_dish0.mp4,1338,44.62082305075702,514.3561706542969,614.4375,428.14393615722656,,,1,233.47162462737035,643.7030547783042,339.48029852425253,612.4218067431593,269.9664140017069,627.1935072041999,-2.716760490670458,,,12.34419062876879,True
IMG_2855_dish0.mp4,1338,44.62082305075702,514.3561706542969,614.4375,428.14393615722656,,,2,201.321453035693,638.4895134391132,389.00894124656634,672.3775321438552,282.1313437931524,653.2612139001545,2.960793080285818,,,0.21825934197081998,True
IMG_2855_dish0.mp4,1338,44.62082305075702,514.3561706542969,614.4375,428.14393615722656,,,3,275.1799553408978,736.6778753272093,328.1842922893389,706.2655508485958,298.640891367257,721.9061748661685,-2.5796710913329823,,,4.29846290376549,True
IMG_2855_dish0.mp4,1338,44.62082305075702,514.3561706542969,614.4375,428.14393615722656,,,4,223.04454194898852,808.7985305193503,303.8544327064479,838.3419314414325,256.9325606537296,831.3905429891777,2.553590050042225,,,25.26309850449884,False
IMG_2855_dish0.mp4,1338,44.62082305075702,514.3561706542969,614.4375,428.14393615722656,,,5,342.95599275037983,833.1283901022418,428.1105012904983,862.6717910243241,373.3683172289936,862.6717910243239,2.3706862292578434,,,44.16968451374184,False
IMG_2855_dish0.mp4,1338,44.62082305075702,514.3561706542969,614.4375,428.14393615722656,,,6,506.3136213783622,960.8601529124202,388.14001769003454,953.9087644601652,453.3092844299211,959.991229355888,-0.016391974308012314,,,4.392967935923591,True
IMG_2855_dish0.mp4,1338,44.62082305075702,514.3561706542969,614.4375,428.14393615722656,,,7,828.2380521013197,441.0427210595263,834.6651799498565,444.2562849837946,835.7363679246125,447.46984890806306,2.432966381462119,,,149.03624346792546,False
IMG_2855_dish0.mp4,1338,44.62082305075702,514.3561706542969,614.4375,428.14393615722656,,,8,604.4045465076025,970.8536623451791,662.7240088636736,966.8513463011352,632.9925182507747,941.6939311671435,-2.346293823604356,,,85.80362471913205,False
IMG_2855_dish0.mp4,21840,728.3398919495764,546.6000366210938,483.00001525878906,425.76000213623047,630.9994940702014,430.6718231835371,0,351.5653234886344,515.0488571858878,173.4667483765469,455.68266548185863,264.8350277960293,436.2031338289741,-0.7378150601204643,0.015104933645010454,43.139137953777954,54.30884577917315,False
IMG_2855_dish0.mp4,21840,728.3398919495764,546.6000366210938,483.00001525878906,425.76000213623047,630.9994940702014,430.6718231835371,1,382.6398144587122,400.95445750470674,283.85076107622615,457.5378589726096,323.73742112737074,426.9271663752195,0.415298222348903,-0.012186572180720494,24.493074532564616,13.70930698039246,True
IMG_2855_dish0.mp4,21840,728.3398919495764,546.6000366210938,483.00001525878906,425.76000213623047,630.9994940702014,430.6718231835371,2,525.4897274005356,516.440252303951,390.5244009484067,571.6322586537907,462.8769470876923,534.0645904660847,0.2743819513308709,0.5513647475460067,15.869945220859439,11.718800162376448,True
IMG_2855_dish0.mp4,21840,728.3398919495764,546.6000366210938,483.00001525878906,425.76000213623047,630.9994940702014,430.6718231835371,3,453.6009796339376,757.6154061015695,398.408973284098,771.5293572822013,429.0196658814881,794.2554775439,0.9798782796125557,1.0637211326686766,4.803841622451272,92.73397812573876,False
IMG_2855_dish0.mp4,21840,728.3398919495764,546.6000366210938,483.00001525878906,425.76000213623047,630.9994940702014,430.6718231835371,4,506.9377924930264,643.9848047930761,711.9366732210021,834.1421375950447,582.0731288684383,725.1495200134286,2.3176379400576894,1.4061540428791577,52.22418040246617,7.2028715811237145,True
IMG_2855_dish0.mp4,21840,728.3398919495764,546.6000366210938,483.00001525878906,425.76000213623047,630.9994940702014,430.6718231835371,5,525.0259290278478,683.8714648442208,697.0951252949949,563.7476863180992,608.0458377389511,628.6794584943812,-2.5548803719067714,1.4553883572204795,130.22852710771616,2.482146438180144,True
IMG_2855_dish0.mp4,21840,728.3398919495764,546.6000366210938,483.00001525878906,425.76000213623047,630.9994940702014,430.6718231835371,6,575.1161532781224,640.2744178115743,554.2452265071747,797.5020661527142,563.0573955882414,711.2355688327967,1.4024696939770993,1.3332073571591885,3.96843957887985,3.811841894916838,True
IMG_2855_dish0.mp4,21840,728.3398919495764,546.6000366210938,483.00001525878906,425.76000213623047,630.9994940702014,430.6718231835371,7,552.3900330164238,637.0278292027602,596.4508784217579,855.4768627386801,586.2473142226279,746.0204467843763,1.8719842271018199,1.4298243103621617,25.333897099038293,11.93105490322597,True
IMG_2855_dish0.mp4,21840,728.3398919495764,546.6000366210938,483.00001525878906,425.76000213623047,630.9994940702014,430.6718231835371,8,684.8070363188551,358.7763010284824,826.1069735257631,434.156613102146,746.7592766061172,400.586433636142,2.547927596405853,-2.8873229419923563,48.583083553574205,11.082401783442652,True
IMG_2855_dish0.mp4,75714,2524.9783232175014,546.6000366210938,483.00001525878906,425.76000213623047,,,0,838.6242425741923,586.531951695146,807.7492330915665,778.0713623743991,857.492303924686,692.8792065797462,1.7463884887450778,,,40.341030077829814,False
IMG_2855_dish0.mp4,75714,2524.9783232175014,546.6000366210938,483.00001525878906,425.76000213623047,,,1,641.938996981168,614.5481640034545,645.3695535903487,635.1315036585386,671.670487594067,643.1361357466267,2.37579982104955,,,153.05081577822227,False
IMG_2855_dish0.mp4,75714,2524.9783232175014,546.6000366210938,483.00001525878906,425.76000213623047,,,2,214.8346816894635,585.9601922602825,222.83931377755175,700.8838386678344,199.3971769481506,645.9949329209439,1.3191063550367101,,,37.547293516259785,False
IMG_2855_dish0.mp4,75714,2524.9783232175014,546.6000366210938,483.00001525878906,425.76000213623047,,,3,575.6149025370089,449.88145548713976,431.53152495142143,442.4485828339151,505.8602514836689,439.0180262247344,-0.15449661693438038,,,11.494549393454177,True
IMG_2855_dish0.mp4,75714,2524.9783232175014,546.6000366210938,483.00001525878906,425.76000213623047,,,4,486.9921901331753,466.4624790981797,551.0292468378809,339.53188455849545,520.154237355255,411.5735733512891,-2.1142739215079387,,,7.940381923330515,True
IMG_2855_dish0.mp4,75714,2524.9783232175014,546.6000366210938,483.00001525878906,425.76000213623047,,,5,559.6056383608325,320.6638232080019,727.1311527758212,366.9763374319407,638.5084403719875,346.9647572117202,2.819842099193151,,,5.710593137499658,True
IMG_2855_dish0.mp4,75714,2524.9783232175014,546.6000366210938,483.00001525878906,425.76000213623047,,,6,656.2329828527543,472.1800734468141,689.9667895096974,625.4116019902166,669.3834498546134,548.2240782836519,1.7420350629003343,,,5.120160310141519,True
IMG_2855_dish0.mp4,75714,2524.9783232175014,546.6000366210938,483.00001525878906,425.76000213623047,,,7,,,573.0361659105702,376.75404212894784,611.9952292163393,516.8211506806416,,,,,False
IMG_2855_dish0.mp4,75714,2524.9783232175014,546.6000366210938,483.00001525878906,425.76000213623047,,,8,550.3100456488714,463.94813619424065,,,,,,,,,False
IMG_2855_dish0.mp4,22457,748.916160875075,546.6000366210938,483.00001525878906,425.76000213623047,638.3339488625622,435.31554710404146,0,502.78187404359824,675.1384487068241,691.3382858110033,567.3919276968783,577.5092999053347,626.4787295410421,-2.5644004397163314,1.26274354577112,140.72080204269187,5.637575195938208,True
IMG_2855_dish0.mp4,22457,748.916160875075,546.6000366210938,483.00001525878906,425.76000213623047,638.3339488625622,435.31554710404146,1,574.0336056792075,639.5125828890194,557.524058105103,782.016046160238,561.868675887762,732.4874034379243,1.4406942690849316,1.3189496397895994,6.975453437007281,2.441185057712721,True
IMG_2855_dish0.mp4,22457,748.916160875075,546.6000366210938,483.00001525878906,425.76000213623047,638.3339488625622,435.31554710404146,2,504.51972115666183,644.7261242282103,705.2410627155125,841.1028480044018,598.3634652620985,741.1766390032425,2.342496716819479,1.4408508943316412,51.66050024415493,2.710008311315049,True
IMG_2855_dish0.mp4,22457,748.916160875075,546.6000366210938,483.00001525878906,425.76000213623047,638.3339488625622,435.31554710404146,3,548.8348225397847,623.8719588714466,591.4120768098439,855.8745484654428,589.6742296967802,737.7009447771152,1.9152702420331795,1.4112446058616368,28.87854171902575,18.89437723476043,True
IMG_2855_dish0.mp4,22457,748.916160875075,546.6000366210938,483.00001525878906,425.76000213623047,638.3339488625622,435.31554710404146,4,388.9528881379297,758.5551101338789,454.12215487781623,760.2929572469425,423.7098303992025,797.6566701778108,2.2974386674766216,1.0360384786981764,72.27290709401022,99.2224742488588,False
IMG_2855_dish0.mp4,22457,748.916160875075,546.6000366210938,483.00001525878906,425.76000213623047,638.3339488625622,435.31554710404146,5,401.1178179293752,371.8841274772186,282.94421424104746,449.21832400855067,330.7350098502977,432.7087764344461,0.7126789348441946,-0.008474373402970203,41.319040944459445,21.775790604323088,False
IMG_2855_dish0.mp4,22457,748.916160875075,546.6000366210938,483.00001525878906,425.76000213623047,638.3339488625622,435.31554710404146,6,248.18727197977464,410.1167639646187,359.4094872158477,511.78082007884177,311.61869160659757,457.90755957386887,2.4959033644815087,0.06903903767433651,139.04908337690867,11.42860010222355,True
IMG_2855_dish0.mp4,22457,748.916160875075,546.6000366210938,483.00001525878906,425.76000213623047,638.3339488625622,435.31554710404146,7,523.6360394003619,515.2565143049691,413.2827477208207,563.9162334707511,471.5006260084527,540.4552974443919,0.45022559626071584,0.5623358696492134,6.423445505218736,3.8473274109730378,True
IMG_2855_dish0.mp4,22457,748.916160875075,546.6000366210938,483.00001525878906,425.76000213623047,638.3339488625622,435.31554710404146,8,682.6490502456852,358.85027412924126,838.1863668648812,436.18447066057325,746.9493934290399,400.5586048427686,2.5661680030545084,-2.831889709047337,50.71407552851904,11.63994238818259,True
IMG_2855_dish0.mp4,59088,1970.519575802041,546.6000366210938,483.00001525878906,425.76000213623047,629.644713297244,425.7573896395316,0,251.6629662059019,563.0473115715594,315.09438583272487,422.2816954134043,281.20636712798387,490.0577328228863,-1.9554010416171101,0.18248564988836116,122.49188450045054,4.52882423693255,True
IMG_2855_dish0.mp4,59088,1970.519575802041,546.6000366210938,483.00001525878906,425.76000213623047,629.644713297244,425.7573896395316,1,745.2115463159762,164.2113991234535,502.7818740435982,151.17754577547618,619.2176306188621,153.78431644507165,-0.08257045569471698,-1.5324764361595957,83.07349337141513,3.4484115410690577,True
IMG_2855_dish0.mp4,59088,1970.519575802041,546.6000366210938,483.00001525878906,425.76000213623047,629.644713297244,425.7573896395316,2,525.3738865134255,809.8216016265965,491.48586780868453,693.3858450513325,516.6846509481073,749.8658762259008,-1.4268708774066805,1.2354357240947955,152.5389320358521,15.797902454899301,True
IMG_2855_dish0.mp4,59088,1970.519575802041,546.6000366210938,483.00001525878906,425.76000213623047,629.644713297244,425.7573896395316,3,506.2575682697255,830.6757669833602,708.7167569416398,839.3650017200083,620.955477731926,853.2677786245174,2.947112544329661,1.55047392168451,80.02149858253155,20.144644582409953,False
IMG_2855_dish0.mp4,59088,1970.519575802041,546.6000366210938,483.00001525878906,425.76000213623047,629.644713297244,425.7573896395316,4,675.6976617934306,472.6792608635799,679.1733560195579,620.3962654739894,681.7801266891533,566.5230049690165,1.6355206082104887,1.925501980723156,16.614708782386757,6.4786439543306305,True
IMG_2855_dish0.mp4,59088,1970.519575802041,546.6000366210938,483.00001525878906,425.76000213623047,629.644713297244,425.7573896395316,5,574.9025292357394,434.4466243761797,436.74368374717983,434.4466243761797,502.78187404359824,436.1844714892434,0.024091723424921434,0.08200743903800072,3.3183260721093766,2.8877898322194433,True
IMG_2855_dish0.mp4,59088,1970.519575802041,546.6000366210938,483.00001525878906,425.76000213623047,629.644713297244,425.7573896395316,6,571.9284779971385,463.22669375034127,518.7548505548384,330.0067454271592,554.2039355163719,411.76834461263144,-1.2390793249920482,-0.1833482939262052,60.488932381067606,4.433951897398189,True
IMG_2855_dish0.mp4,59088,1970.519575802041,546.6000366210938,483.00001525878906,425.76000213623047,629.644713297244,425.7573896395316,7,654.2618366174743,322.002113339071,499.8867892043448,429.49288709339817,551.9168977769182,373.4604624767808,0.4658797481507713,-0.5922513846467649,60.62644808069565,20.42815306700449,False
IMG_2855_dish0.mp4,59088,1970.519575802041,546.6000366210938,483.00001525878906,425.76000213623047,629.644713297244,425.7573896395316,8,567.9261619530945,400.3331559153626,659.9794309661088,342.0136935592915,606.8058035238085,359.16647660519476,-2.3276308323535844,-1.2403949751235746,62.294025954567694,28.75788044577543,False
IMG_2855_dish0.mp4,69430,2315.4138598012405,546.6000366210938,483.00001525878906,425.76000213623047,,,0,705.1231059898192,717.0786809972998,648.0759061492288,636.8415625223229,678.222800373931,681.3662063003447,-0.9252205321816416,,,2.8874941928969142,True
IMG_2855_dish0.mp4,69430,2315.4138598012405,546.6000366210938,483.00001525878906,425.76000213623047,,,1,583.6079323456345,826.9988953242913,712.0800815801351,839.9852497595477,625.8135842602178,858.5371846670569,2.4998521063577894,,,48.9058493541019,False
IMG_2855_dish0.mp4,69430,2315.4138598012405,546.6000366210938,483.00001525878906,425.76000213623047,,,2,666.1640426840502,472.19315437218256,681.0055906100574,623.8552222410697,670.8020264109275,551.5026761017841,1.6292093315603884,,,4.680418868691631,True
IMG_2855_dish0.mp4,69430,2315.4138598012405,546.6000366210938,483.00001525878906,425.76000213623047,,,3,616.0738184337755,512.0798144233272,576.6509567553187,423.95812361265894,566.9111909288764,495.383073006569,-0.32740021180022666,,,79.00651567058311,False
IMG_2855_dish0.mp4,69430,2315.4138598012405,546.6000366210938,483.00001525878906,425.76000213623047,,,4,578.0423518733819,464.3085820364912,442.1494286758776,439.72726828404166,505.2260073614086,436.4806796752275,-0.3650379976810965,,,23.86158400904552,False
IMG_2855_dish0.mp4,69430,2315.4138598012405,546.6000366210938,483.00001525878906,425.76000213623047,,,5,625.8135842602179,352.99697259143653,501.9794187525945,428.1323089668484,536.3004983314863,359.026351436377,0.06725592157660092,,,59.73548891099228,False
IMG_2855_dish0.mp4,69430,2315.4138598012405,546.6000366210938,483.00001525878906,425.76000213623047,,,6,573.4043681465046,405.8699870778375,544.6488690398655,262.5562899173296,556.7076267297464,357.6349563183138,-1.2375520256832242,,,11.865302090507821,True
IMG_2855_dish0.mp4,69430,2315.4138598012405,546.6000366210938,483.00001525878906,425.76000213623047,,,7,173.59824811620564,598.6324941102806,222.23298367246588,701.5407751423675,201.7922977140377,655.7254445458905,2.0294934811868597,,,2.2371877519523964,True
IMG_2855_dish0.mp4,44887,1496.9319015540586,546.6000366210938,483.00001525878906,425.76000213623047,626.6846399108127,438.6359693766519,0,446.2427009743349,367.44599817531713,439.8990398148227,445.684485809301,440.6038910547685,403.39341141255295,1.4152014988178663,-0.1871768953804639,91.80951917051446,7.960085703275696,True
IMG_2855_dish0.mp4,44887,1496.9319015540586,546.6000366210938,483.00001525878906,425.76000213623047,626.6846399108127,438.6359693766519,1,568.8868167249042,423.8340973709812,422.98261005612346,322.3355188187859,483.5998166914624,347.0053122168889,-0.7332715143518032,-0.5695926276384611,9.378109404074415,19.86818297130163,True
IMG_2855_dish0.mp4,44887,1496.9319015540586,546.6000366210938,483.00001525878906,425.76000213623047,626.6846399108127,438.6359693766519,2,484.3046679314082,730.4443867474045,714.7910233936849,828.4187090998709,580.8692878039828,829.8284115797624,2.341806993803419,1.4542102682821074,50.855546282002926,46.42743401522564,False
IMG_2855_dish0.mp4,44887,1496.9319015540586,546.6000366210938,483.00001525878906,425.76000213623047,626.6846399108127,438.6359693766519,3,451.88151089390135,629.6506594351549,582.9838415238203,623.3069982756427,494.1725852906494,665.5980726723908,2.437098589347575,1.042335715058078,79.91402611832397,65.82788163496906,False
IMG_2855_dish0.mp4,44887,1496.9319015540586,546.6000366210938,483.00001525878906,425.76000213623047,626.6846399108127,438.6359693766519,4,523.776337368373,629.6506594351549,401.8370728577495,672.6465850718488,458.93002329335934,646.5670891938541,0.25518239062081854,0.8919350415605078,36.483239492611105,9.929578400575778,True
IMG_2855_dish0.mp4,44887,1496.9319015540586,546.6000366210938,483.00001525878906,425.76000213623047,626.6846399108127,438.6359693766519,5,568.8868167249042,430.1777585304934,437.0796348550395,436.5214196900056,520.9569324085898,438.635973409843,0.17467219900823983,3.8146964893815456e-08,10.007977615781268,11.452105332377204,True
IMG_2855_dish0.mp4,44887,1496.9319015540586,546.6000366210938,483.00001525878906,425.76000213623047,626.6846399108127,438.6359693766519,6,672.499948996937,469.6494279674582,678.1387589165033,617.6681883560764,675.3193539567201,561.9849404003581,1.6013211937120986,1.9463667477527422,19.769653986282037,1.1496307547275526,True
IMG_2855_dish0.mp4,44887,1496.9319015540586,546.6000366210938,483.00001525878906,425.76000213623047,626.6846399108127,438.6359693766519,7,711.9716399442547,189.82348167578425,513.2035902795388,151.0566634787652,616.8167225515715,148.94210975892778,-0.4057854410963378,-1.5367462318883567,64.79928010716071,24.418932490582044,False
IMG_2855_dish0.mp4,65843,2195.7913693056757,546.6000366210938,483.00001525878906,425.76000213623047,640.6153087052871,432.5931611878036,0,211.54971566471343,558.4185536690367,226.2224045693135,696.1160956968221,203.2728142313493,641.1875680026782,1.4711276743037347,0.445045431019222,58.79018197351836,28.38616616668569,False
IMG_2855_dish0.mp4,65843,2195.7913693056757,546.6000366210938,483.00001525878906,425.76000213623047,640.6153087052871,432.5931611878036,1,502.27874605640335,637.5071983098741,453.1074346581472,735.8498211063861,467.97317996459674,686.1067502732667,0.9561333748727304,0.9729378645932568,0.9628263378571387,18.578787297766432,True
IMG_2855_dish0.mp4,65843,2195.7913693056757,546.6000366210938,483.00001525878906,425.76000213623047,640.6153087052871,432.5931611878036,2,719.5473487532247,815.8961419872683,707.5404006210924,835.9077222074886,680.6677071825106,840.4817976863962,0.5638693587806999,1.6686769838092632,63.30081408800869,157.35255862356044,False
IMG_2855_dish0.mp4,65843,2195.7913693056757,546.6000366210938,483.00001525878906,425.76000213623047,640.6153087052871,432.5931611878036,3,667.5172401806515,476.8427971132468,684.6700232265548,624.9284907428784,674.9501128338762,556.3173585592652,1.6640502418996768,1.8414953303172035,10.166854661650008,2.7201904071221152,True
IMG_2855_dish0.mp4,65843,2195.7913693056757,546.6000366210938,483.00001525878906,425.76000213623047,640.6153087052871,432.5931611878036,4,564.252056204759,490.8768233308926,511.0784287624588,330.2124221342653,530.5182495478159,418.8351345380989,-1.132866518999111,-0.12431827605259275,57.78555775617029,12.719374459155603,True
IMG_2855_dish0.mp4,65843,2195.7913693056757,546.6000366210938,483.00001525878906,425.76000213623047,640.6153087052871,432.5931611878036,5,584.835395859843,483.44395067766783,437.3214616650748,426.83976662618704,509.3631504578685,454.2842194996323,-0.36869590265804947,0.16378213983268897,30.50874451810702,0.27026110649410273,True
IMG_2855_dish0.mp4,65843,2195.7913693056757,546.6000366210938,483.00001525878906,425.76000213623047,640.6153087052871,432.5931611878036,6,573.3838402695717,386.53396320461707,543.0805902218093,260.7468875346597,540.7935524823556,335.6473735017707,-1.0011643598044926,-0.770783132337323,13.19987201291221,34.386453628839746,False
IMG_2855_dish0.mp4,65843,2195.7913693056757,546.6000366210938,483.00001525878906,425.76000213623047,640.6153087052871,432.5931611878036,7,624.2704299724181,346.5108027641761,507.6315052602759,425.4136047753311,532.2171609594039,355.0871942871277,0.09289952511341404,-0.6207301816333065,40.88797033174571,65.40795489376296,False
IMG_2855_dish0.mp4,65843,2195.7913693056757,546.6000366210938,483.00001525878906,425.76000213623047,640.6153087052871,432.5931611878036,8,583.8197611556213,477.1154778667883,551.817673440168,400.58874637331314,570.3696083476772,446.0409868967105,-1.1623074337222683,0.1891512525873055,77.43287891183323,1.201211018974992,True
IMG_2855_dish0.mp4,68860,2296.404988994864,546.6000366210938,483.00001525878906,425.76000213623047,637.1162148671078,428.28561398703937,0,664.0528451195943,489.1102629442668,686.6448575894216,616.8420257544445,671.8731571283806,548.1970647884307,1.7023844682528164,1.8529200589376116,8.62505401274762,4.60483291005775,True
IMG_2855_dish0.mp4,68860,2296.404988994864,546.6000366210938,483.00001525878906,425.76000213623047,637.1162148671078,428.28561398703937,1,653.7504292486163,632.8422002148858,592.6927146875174,595.3506210984216,629.1131058292256,613.5608166692757,-0.6640461628266823,1.5276273711920145,125.57364356979316,11.481991354747882,True
IMG_2855_dish0.mp4,68860,2296.404988994864,546.6000366210938,483.00001525878906,425.76000213623047,637.1162148671078,428.28561398703937,2,173.6602879558116,595.8037180400015,217.23793198605955,701.4464914466632,194.78884263714392,653.9072434136655,1.919567330378803,0.47167776724771515,82.95796116845193,5.294615713653044,True
IMG_2855_dish0.mp4,68860,2296.404988994864,546.6000366210938,483.00001525878906,425.76000213623047,637.1162148671078,428.28561398703937,3,559.466613245069,471.58721208764473,431.7348504348912,435.0924227133082,492.5594993921187,436.8302698263718,-0.47911029406039213,0.05904066913203596,30.83377893182623,25.814420729315582,False
IMG_2855_dish0.mp4,68860,2296.404988994864,546.6000366210938,483.00001525878906,425.76000213623047,637.1162148671078,428.28561398703937,4,635.9318862198692,346.4622199470625,502.1176585139688,433.3545756002445,541.2192185579007,369.0542324168898,0.2341565748098002,-0.5533009968388899,45.11799540109057,45.27969302256816,False
IMG_2855_dish0.mp4,68860,2296.404988994864,546.6000366210938,483.00001525878906,425.76000213623047,637.1162148671078,428.28561398703937,5,573.3693901495781,387.30162710405807,540.3502950013689,267.39017630266676,555.9909190189417,352.5446848427853,-1.1071487177940904,-0.7510870577432364,20.4008303673358,16.15733986458794,True
IMG_2855_dish0.mp4,68860,2296.404988994864,546.6000366210938,483.00001525878906,425.76000213623047,637.1162148671078,428.28561398703937,6,616.8144901203136,512.9821706185617,572.2172542009652,414.0677883871862,575.6478108101458,492.39883096347785,-0.46364760900080393,0.8064555599377408,72.77155112637,60.92724709585592,False
IMG_2855_dish0.mp4,68860,2296.404988994864,546.6000366210938,483.00001525878906,425.76000213623047,637.1162148671078,428.28561398703937,7,552.1104454199817,874.0086102560474,713.8598296081559,837.5882191143394,643.161423274252,861.154354558974,-3.0013430439531885,1.584760872810122,97.23560116104613,10.39923811238722,True
IMG_2855_dish0.mp4,68860,2296.404988994864,546.6000366210938,483.00001525878906,425.76000213623047,637.1162148671078,428.28561398703937,8,575.6813399740242,447.6269866228157,554.623681945349,400.01836847102817,568.3569371814415,422.9071271978491,-1.2827408797442685,-0.07806302398583853,69.0229568078278,14.459395150318349,True
IMG_2855_dish0.mp4,45337,1511.9389048222504,546.600040435791,483.0000114440918,425.76000213623047,,,0,583.4801238033967,338.4591794334557,409.9476718929053,320.2489838626016,481.7172662015653,341.67274335772413,0.031568456487778854,,,18.42949623638426,True
IMG_2855_dish0.mp4,45337,1511.9389048222504,546.600040435791,483.0000114440918,425.76000213623047,,,1,476.3613263277847,382.37788639845667,443.15449911034494,434.86609716150656,442.0833111355888,409.1575857673597,0.6632029927060934,,,54.387211587884174,False
IMG_2855_dish0.mp4,45337,1511.9389048222504,546.600040435791,483.0000114440918,425.76000213623047,,,2,572.7682440558356,430.58134526248216,441.0121231608327,440.22203703528714,494.5715218986387,439.1508490605311,0.10915346290887701,,,5.108269905741379,True
IMG_2855_dish0.mp4,45337,1511.9389048222504,546.600040435791,483.0000114440918,425.76000213623047,,,3,376.7408446754655,621.2528047690714,577.05299595486,627.6799326176083,496.71389784815096,621.2528047690714,-3.141592653589793,,,4.573921259900963,True
IMG_2855_dish0.mp4,45337,1511.9389048222504,546.600040435791,483.0000114440918,425.76000213623047,,,4,526.7071611413223,629.8223085671204,412.09004784241745,678.0257674311458,461.364694681199,654.4596319865113,0.3605660004781077,,,4.901055108516046,True
IMG_2855_dish0.mp4,45337,1511.9389048222504,546.600040435791,483.0000114440918,425.76000213623047,,,5,514.924093419005,695.1647750272439,704.5243649508384,841.9175439138637,650.9649662130324,792.6428970750821,2.5198549940790964,,,6.991112115306499,True
IMG_2855_dish0.mp4,45337,1511.9389048222504,546.600040435791,483.0000114440918,425.76000213623047,,,6,709.8803048246191,151.00130019616591,498.85627379766333,162.78436791848324,604.9038832985193,156.3572400699465,0.05097620707531325,,,0.5475077379167831,True
IMG_2855_dish0.mp4,45337,1511.9389048222504,546.600040435791,483.0000114440918,425.76000213623047,,,7,673.8836884810212,465.2182200082243,675.9982422008586,625.2194514759211,671.7691347611838,537.8178977226419,1.5416783452878573,,,4.438553245493563,True
IMG_2855_dish0.mp4,45337,1511.9389048222504,546.600040435791,483.0000114440918,425.76000213623047,,,8,628.3786293130731,510.2972875843517,580.607396926237,412.89962931992886,593.1299529888057,469.9468291605194,-0.8527806592408224,,,28.758510446309636,False
IMG_2855_dish0.mp4,52578,1753.4182618555326,546.600040435791,483.0000114440918,425.76000213623047,,,0,672.5308163531786,476.1837246284969,684.5132874322571,622.0879312972777,682.3987337124197,555.1270635024266,1.695151321341657,,,5.316277026409633,True
IMG_2855_dish0.mp4,52578,1753.4182618555326,546.600040435791,483.0000114440918,425.76000213623047,,,1,581.6050064001702,557.241617222264,712.7073370300891,831.4287495611804,635.1737006360511,714.4234437301775,1.899258189822862,,,14.710991184626518,True
IMG_2855_dish0.mp4,52578,1753.4182618555326,546.600040435791,483.0000114440918,425.76000213623047,,,2,563.2788741615793,687.6390966122372,446.9784195705223,661.5596007342425,501.2519650463489,671.4275180934837,-0.2556449252779357,,,4.342528803596942,True
IMG_2855_dish0.mp4,52578,1753.4182618555326,546.600040435791,483.0000114440918,425.76000213623047,,,3,495.61315512678254,371.8657411165184,504.776221246078,595.3035841793372,492.0888989270535,481.8225345480633,1.5387560132474292,,,8.2150229081589,True
IMG_2855_dish0.mp4,52578,1753.4182618555326,546.600040435791,483.0000114440918,425.76000213623047,,,4,,,346.18467074792,424.0247328725077,484.3355137772969,397.94523699451304,,,,,False
IMG_2855_dish0.mp4,52578,1753.4182618555326,546.600040435791,483.0000114440918,425.76000213623047,,,5,438.52018318081986,447.2848237907191,470.9433402183267,173.8025426917484,521.6926294944244,159.0006666528866,-1.8516774579617796,,,122.35350806903483,False
IMG_2855_dish0.mp4,52578,1753.4182618555326,546.600040435791,483.0000114440918,425.76000213623047,,,6,489.97432369686334,121.64355093575917,640.1076378053189,151.9521542534286,706.363654360224,159.7055178928324,2.9674779717139033,,,176.6984326243661,False
IMG_2855_dish0.mp4,52578,1753.4182618555326,546.600040435791,483.0000114440918,425.76000213623047,,,7,686.6278196417417,154.066707973266,576.6710262101967,461.381848589635,509.71015841534575,330.98436919966196,0.7853981633974484,,,72.18111108547721,False
IMG_2855_dish0.mp4,52578,1753.4182618555326,546.600040435791,483.0000114440918,425.76000213623047,,,8,528.7411418938823,413.45196427332064,,,,,,,,,False
IMG_2855_dish0.mp4,44017,1467.918361902221,546.600040435791,483.0000114440918,425.76000213623047,639.1124566250114,440.9090840831828,0,423.80367369903126,331.6479106580585,556.6309825687902,195.6070378640313,478.4342604115934,271.66138407171576,-2.3094994861490146,-0.8113663506090049,85.83670581514306,3.4711502087684343,True
IMG_2855_dish0.mp4,44017,1467.918361902221,546.600040435791,483.0000114440918,425.76000213623047,639.1124566250114,440.9090840831828,1,675.5328477667196,161.3290226718354,516.9970275028137,157.0442707728109,589.83780978623,158.115458747567,-0.037482436691661784,-1.39828581918822,77.9682905641794,1.3050611675581163,True
IMG_2855_dish0.mp4,44017,1467.918361902221,546.600040435791,483.0000114440918,425.76000213623047,639.1124566250114,440.9090840831828,2,568.4140502911075,408.7734448404993,437.7291173708608,436.6243321841584,483.79020028537406,396.9903771181819,-0.13835097017712572,-0.2755649347377643,7.861781059582236,48.63777335387058,False
IMG_2855_dish0.mp4,44017,1467.918361902221,546.600040435791,483.0000114440918,425.76000213623047,639.1124566250114,440.9090840831828,3,571.3452024115484,433.0431854970658,451.2757210902255,444.47837419433466,510.1669428811601,433.6149449319293,0.009345522307490996,-0.05650738583512747,3.773093705234731,9.916173958424048,True
IMG_2855_dish0.mp4,44017,1467.918361902221,546.600040435791,483.0000114440918,425.76000213623047,639.1124566250114,440.9090840831828,4,518.7433344041118,632.5872369887638,394.6715370387448,681.7585483870198,463.8544286572213,656.029373818165,0.4036339253132663,0.8871573405280825,27.703850987560667,2.72631099390639,True
IMG_2855_dish0.mp4,44017,1467.918361902221,546.600040435791,483.0000114440918,425.76000213623047,639.1124566250114,440.9090840831828,5,513.0257400554774,671.4668785594779,696.5605186466423,562.2608265005604,605.0790090684916,620.5802888566316,-2.636606078475706,1.3835935438359057,129.65952884145705,3.583911150242228,True
IMG_2855_dish0.mp4,44017,1467.918361902221,546.600040435791,483.0000114440918,425.76000213623047,639.1124566250114,440.9090840831828,6,,,670.259584642924,493.6496943169474,673.6901412521047,613.1474162034068,,,,,False
IMG_2855_dish0.mp4,44017,1467.918361902221,546.600040435791,483.0000114440918,425.76000213623047,639.1124566250114,440.9090840831828,7,678.8359761658758,547.395081194111,670.8313440777874,497.080250926128,579.9215939345002,558.2585104565163,0.10938818632213947,1.1036361935102523,56.966214601171615,152.32866386644108,False
IMG_2855_dish0.mp4,44017,1467.918361902221,546.600040435791,483.0000114440918,425.76000213623047,639.1124566250114,440.9090840831828,8,641.0998534648885,527.3835009738905,512.453980620614,677.1844554593991,719.4308960411801,842.4229321349341,1.8144934999616351,1.7682294121447446,2.6507369749304366,142.5646752002087,False
IMG_2855_dish0.mp4,44017,1467.918361902221,546.600040435791,483.0000114440918,425.76000213623047,639.1124566250114,440.9090840831828,9,632.5234619419368,777.814115995365,,,,,,,,,False
IMG_2855_dish0.mp4,59065,1969.7525511905556,546.600040435791,483.0000114440918,425.76000213623047,,,0,521.3393547747796,811.7230308898106,492.4172794563643,687.4652258181006,505.27153515343775,745.3093764549312,-1.3334220798217247,,,1.0717348075073347,True
IMG_2855_dish0.mp4,59065,1969.7525511905556,546.600040435791,483.0000114440918,425.76000213623047,,,1,487.06133958258374,824.5772865868842,706.6548744075885,835.2891663344453,597.3937009824642,860.9976777285922,2.822757542827927,,,31.50842612242831,False
IMG_2855_dish0.mp4,59065,1969.7525511905556,546.600040435791,483.0000114440918,425.76000213623047,,,2,247.11523323721264,565.3497966959029,314.60007564684827,421.8106080785829,293.17631615172587,494.651390361999,-2.1482359429394116,,,16.695312594700233,True
IMG_2855_dish0.mp4,59065,1969.7525511905556,546.600040435791,483.0000114440918,425.76000213623047,,,3,732.3633858017354,162.58311818760163,513.8410389514868,148.65767451577204,592.0377611086835,150.8000504652843,-0.08377294374376656,,,3.2304813091557127,True
IMG_2855_dish0.mp4,59065,1969.7525511905556,546.600040435791,483.0000114440918,425.76000213623047,,,4,572.7904807252334,464.42045527677817,512.032893903141,333.1655158061512,557.0213360538506,422.21480336219497,-1.213230475218466,,,6.316271700258553,True
IMG_2855_dish0.mp4,59065,1969.7525511905556,546.600040435791,483.0000114440918,425.76000213623047,,,5,656.2741878090244,320.64295974358254,499.5103378405724,424.0699968529459,558.8765295446016,362.38481328547806,0.40489178628508365,,,22.89889553973235,False
IMG_2855_dish0.mp4,59065,1969.7525511905556,546.600040435791,483.0000114440918,425.76000213623047,,,6,571.3990856071703,469.9860357490309,421.5922112290341,445.4047219965813,497.65514434982146,435.20115779745134,-0.44075084777942153,,,32.89357015560058,False
IMG_2855_dish0.mp4,59065,1969.7525511905556,546.600040435791,483.0000114440918,425.76000213623047,,,7,665.550155262779,480.18959994816095,685.4934852883513,615.1549264002898,666.9415503808422,558.1077265596992,1.5886515719344494,,,16.991663729537386,True
IMG_2855_dish0.mp4,59065,1969.7525511905556,546.600040435791,483.0000114440918,425.76000213623047,,,8,568.6162953710439,400.41627984587177,673.8985259711582,342.9052816325936,607.1115603041253,360.06582142203945,-2.3326694192071287,,,31.937777800342857,False
IMG_2855_dish0.mp4,3317,110.6182885346495,508.1999969482422,617.4000396728516,424.6800231933594,,,0,359.9259774392598,525.8835350114401,324.5767742723077,618.0057008404665,321.3632103480394,560.161550203636,0.7266423406817253,,,51.54629078329402,False
IMG_2855_dish0.mp4,3317,110.6182885346495,508.1999969482422,617.4000396728516,424.6800231933594,,,1,230.31223249376913,358.77821094948536,182.1087736297437,427.33424133387706,197.10540527632935,403.7681058892424,0.9349579032711507,,,3.959665829313966,True
IMG_2855_dish0.mp4,3317,110.6182885346495,508.1999969482422,617.4000396728516,424.6800231933594,,,2,826.9639344329283,445.5444369047309,841.960566079514,449.8291888037554,279.1294907858867,765.3193367389678,0.5283533374832907,,,179.0000212501962,False
IMG_2855_dish0.mp4,3317,110.6182885346495,508.1999969482422,617.4000396728516,424.6800231933594,,,3,389.47906171453104,664.6896762030019,355.1734956227245,729.8702517774343,285.990604004248,721.8656196893462,0.5047499882779879,,,144.48003898047975,False
IMG_2855_dish0.mp4,3317,110.6182885346495,508.1999969482422,617.4000396728516,424.6800231933594,,,4,326.01376444468895,710.4304309920773,298.5693115712437,718.4350630801655,430.0739815898354,901.3980822364672,2.0697234093892933,,,172.87972471683113,False
IMG_2855_dish0.mp4,3317,110.6182885346495,508.1999969482422,617.4000396728516,424.6800231933594,,,5,411.2059202393418,860.8031623611627,416.3517551531128,875.0971482327487,579.3031940891939,989.4490352054372,2.4883673780542557,,,177.63237560743036,False
IMG_2855_dish0.mp4,3317,110.6182885346495,508.1999969482422,617.4000396728516,424.6800231933594,,,6,672.4999819719351,971.152733289807,609.0346847020929,961.4328228971284,301.42809784011513,844.7938981849859,-0.32820802024628976,,,178.03910148788177,False
IMG_2855_dish0.mp4,3317,110.6182885346495,508.1999969482422,617.4000396728516,424.6800231933594,,,7,397.4836828971734,954.5717096787666,343.73829602000984,931.7013322842292,179.6433382142019,815.0624075720872,-0.5696110539260162,,,177.2310415133209,False
IMG_2855_dish0.mp4,3317,110.6182885346495,508.1999969482422,617.4000396728516,424.6800231933594,,,8,298.5693006657979,840.7915821409418,236.81928170054613,816.2059264418139,,,,,,,False
IMG_2855_dish0.mp4,78598,2621.156539718535,549.5532035827637,490.9123840332031,424.92949867248535,621.2592482947265,427.2649974005656,0,421.0286956508588,372.39426661712565,433.0111667299374,440.0599856519225,469.66343120711906,397.0640600152287,2.6721647621453255,-0.19664556615177844,164.37072403496418,103.54999505534809,False
IMG_2855_dish0.mp4,78598,2621.156539718535,549.5532035827637,490.9123840332031,424.92949867248535,621.2592482947265,427.2649974005656,1,616.2724891158456,138.38365495511982,653.629604832973,288.51696906357535,654.3344560729188,208.86877894969987,2.0659295902633006,-1.7211000384406145,143.01918538427046,28.87607535419335,False
IMG_2855_dish0.mp4,78598,2621.156539718535,549.5532035827637,490.9123840332031,424.92949867248535,621.2592482947265,427.2649974005656,2,636.0083238343279,489.39957244812854,526.7563816427289,447.10849805138054,559.8843899201815,511.9548121263942,0.2880554470506265,0.9436836447647116,37.56472865878577,79.44325524428179,False
IMG_2855_dish0.mp4,78598,2621.156539718535,549.5532035827637,490.9123840332031,424.92949867248535,621.2592482947265,427.2649974005656,3,642.3519849938402,476.0073988891583,693.8061255098836,618.38734935821,650.8101998731898,545.7876716437926,1.6914199953749993,1.8151418653823488,7.088740984887328,23.724190431278053,False
IMG_2855_dish0.mp4,78598,2621.156539718535,549.5532035827637,490.9123840332031,424.92949867248535,621.2592482947265,427.2649974005656,4,852.397632987336,497.85778194989,821.3841784297208,771.3400630488607,833.3666495087994,636.008624979267,1.4339028044166948,2.3641871093777196,53.30136442152791,2.7835522286865424,True
IMG_2855_dish0.mp4,78598,2621.156539718535,549.5532035827637,490.9123840332031,424.92949867248535,621.2592482947265,427.2649974005656,5,560.5892411601271,466.84433276986294,583.1444808383928,357.5923905782638,547.197067601157,428.07751457284394,-1.2381766352209849,0.010970303191055937,71.57084756269812,46.079286101305335,False
IMG_2855_dish0.mp4,78598,2621.156539718535,549.5532035827637,490.9123840332031,424.92949867248535,621.2592482947265,427.2649974005656,6,177.85500308119,623.321313415419,220.1460774779381,698.0355448496739,207.45875515891365,681.1191150909749,2.04415236862981,0.5502649588076582,85.59344365053968,9.748594241685863,True
IMG_2855_dish0.mp4,78598,2621.156539718535,549.5532035827637,490.9123840332031,424.92949867248535,621.2592482947265,427.2649974005656,7,673.736461976709,621.7697034608962,646.575134954215,640.0807104423529,663.9705915865989,640.6910773417349,1.0943289073211941,1.7683095939831557,38.61624881905956,64.70998160168868,False
IMG_2857_dish0.mp4,27586,919.9626492363104,540.9076156616211,550.0176124572754,473.44742012023926,,,0,438.60997934167784,838.3158845519522,542.6701964868244,608.4685917368483,476.3461020426651,741.1167806251672,-1.9411197564976725,,,5.347081600299247,True
IMG_2857_dish0.mp4,27586,919.9626492363104,540.9076156616211,550.0176124572754,473.44742012023926,,,1,394.0127434223294,898.9223846474772,612.4248475401644,673.649167311281,494.6424039582951,797.1492052417843,-2.3505448327887595,,,1.0337643196102606,True
IMG_2857_dish0.mp4,27586,919.9626492363104,540.9076156616211,550.0176124572754,473.44742012023926,,,2,392.8692245526025,935.5149884787376,386.00811133424105,1089.890035891867,395.1562622920563,996.1214885742623,1.6085142792617615,,,7.73327729219029,True
IMG_2857_dish0.mp4,27586,919.9626492363104,540.9076156616211,550.0176124572754,473.44742012023926,,,3,364.2812528094303,858.8992242070362,477.4896209123919,896.6353469080234,421.4571962957746,874.9084883832127,2.868583950503082,,,5.5518100243334745,True
IMG_2857_dish0.mp4,27586,919.9626492363104,540.9076156616211,550.0176124572754,473.44742012023926,,,4,381.43403585533366,879.4825638621201,347.12846976352705,674.7926861810076,382.57755472506057,790.2880920234231,-1.5836161372677975,,,17.79737820771625,True
IMG_2857_dish0.mp4,27586,919.9626492363104,540.9076156616211,550.0176124572754,473.44742012023926,,,5,343.6979131543464,876.0520072529396,292.2395640166366,646.2047144378356,323.11457349926246,778.8529033261543,-1.36211456445987,,,1.1462056981132915,True
IMG_2857_dish0.mp4,27586,919.9626492363104,540.9076156616211,550.0176124572754,473.44742012023926,,,6,260.2210356642838,901.209422386931,183.60527139258255,667.9315729626464,241.92473374865364,820.0195826363222,-1.3491467638162187,,,8.280168713137709,True
IMG_2857_dish0.mp4,27586,919.9626492363104,540.9076156616211,550.0176124572754,473.44742012023926,,,7,403.1608900179661,630.1954546238379,25.799663008094143,464.3852185134394,198.47101233685373,541.0009827851406,-0.41094416698837644,,,0.3819069960961468,True
IMG_2857_dish0.mp4,27586,919.9626492363104,540.9076156616211,550.0176124572754,473.44742012023926,,,8,133.29043676242128,744.5473415965262,26.94318187782102,503.26486008415344,57.81819136044692,592.4593319228504,-1.1101607568780416,,,7.298982049353506,True
IMG_2857_dish0.mp4,9460,315.48055759354367,509.62646293640137,638.6479721069336,473.44756031036377,,,0,619.6776738404958,522.1770964308805,713.3649451234169,730.886364140358,654.9263501647631,646.4750603111916,1.8471236017699617,,,18.862766910811825,True
IMG_2857_dish0.mp4,9460,315.48055759354367,509.62646293640137,638.6479721069336,473.44756031036377,,,1,746.7584279569332,590.8192555886642,611.3293031321168,545.3670150652669,688.3198329982795,573.1949174265305,-0.29291239752552295,,,3.089531673973266,True
IMG_2857_dish0.mp4,9460,315.48055759354367,509.62646293640137,638.6479721069336,473.44756031036377,,,2,10.246597974818258,766.1350430632119,-22.219288113322705,569.4845330436152,-37.988432784705424,694.7100936693018,-0.9768236449227916,,,41.209373668193315,False
IMG_2857_dish0.mp4,9460,315.48055759354367,509.62646293640137,638.6479721069336,473.44756031036377,,,3,1.8982272664391644,639.9818856921498,18.594968683197408,550.0050013907306,77.03356364185112,549.0774046453552,-2.2615064273973955,,,130.48415408077886,False
IMG_2857_dish0.mp4,9460,315.48055759354367,509.62646293640137,638.6479721069336,473.44756031036377,,,4,-18.508901131820835,533.3082599739724,33.43651660920466,678.9409489979191,5.608614247940977,628.8507247476443,1.818058090977657,,,14.887548576445882,True
IMG_2857_dish0.mp4,9460,315.48055759354367,509.62646293640137,638.6479721069336,473.44756031036377,,,5,-61.178351419091825,877.4466525082667,41.78488731758381,1000.8170196432022,-8.305336932690864,947.0164084114258,2.220666776206844,,,5.719757529538138,True
IMG_2857_dish0.mp4,49269,1643.0667644900952,539.2304039001465,547.0173416137695,473.4476909637451,,,0,245.40096440736153,830.3485986615735,390.10605668593263,1101.2068483112066,342.79862267178436,958.3569495233864,2.2212177403384215,,,18.94314061595308,True
IMG_2857_dish0.mp4,49269,1643.0667644900952,539.2304039001465,547.0173416137695,473.4476909637451,,,1,259.3149155879934,932.3842406528736,419.7891525379473,859.1040977682126,335.37784870878073,942.5878048520036,3.0082423994182403,,,52.323858713753765,False
IMG_2857_dish0.mp4,49269,1643.0667644900952,539.2304039001465,547.0173416137695,473.4476909637451,,,2,257.4597220972425,927.7462569259964,320.5363007827734,782.1135679020499,300.1291723845134,891.5699838563537,-2.438362012554046,,,39.146841553175925,False
IMG_2857_dish0.mp4,49269,1643.0667644900952,539.2304039001465,547.0173416137695,473.4476909637451,,,3,192.5279499209605,882.294016402599,226.8490294998524,646.6844430772333,218.5006587914733,791.3895353558044,-1.8490959858000084,,,12.6435302264879,True
IMG_2857_dish0.mp4,49269,1643.0667644900952,539.2304039001465,547.0173416137695,473.4476909637451,,,4,198.09353039321329,863.7420814950899,298.2739788937625,642.9740560957314,261.17010907874425,748.7200850685333,-2.0724003809840164,,,9.40498675386158,True
IMG_2857_dish0.mp4,49269,1643.0667644900952,539.2304039001465,547.0173416137695,473.4476909637451,,,5,186.03477270333235,853.53851729596,328.8846714911525,844.2625498422053,269.51847978712334,814.5794539901908,-2.7049654937762515,,,51.58194465517798,False
IMG_2857_dish0.mp4,49269,1643.0667644900952,539.2304039001465,547.0173416137695,473.4476909637451,,,6,166.55524105044776,869.3076619673427,57.09882509614397,693.9918770913814,101.62346887416584,773.7651971936707,-0.9738852729456415,,,5.032870750690767,True
IMG_2857_dish0.mp4,49269,1643.0667644900952,539.2304039001465,547.0173416137695,473.4476909637451,,,7,149.85849963368958,918.4702894722418,135.9445484530577,757.996052522288,119.24780703629956,860.9592912589635,-1.0816765212833686,,,37.23552707288686,False
IMG_2857_dish0.mp4,27185,906.5897418795438,539.2304039001465,547.0173416137695,473.4476909637451,,,0,401.2372176304381,618.8565407159697,22.7777455172521,472.29625494664754,187.88996619408323,518.6760922154203,-0.43900471120619283,,,9.463124209390529,True
IMG_2857_dish0.mp4,27185,906.5897418795438,539.2304039001465,547.0173416137695,473.4476909637451,,,1,220.3558522822242,723.6749729433961,26.48813249875394,482.4998191457775,104.40625911029224,599.3770090630851,-0.8201332218374942,,,9.319760224265336,True
IMG_2857_dish0.mp4,27185,906.5897418795438,539.2304039001465,547.0173416137695,473.4476909637451,,,2,296.41878540301155,919.3978862176172,163.77245081432142,685.6435063830024,228.70422299060328,783.0411646474251,-1.1098735066910221,,,7.28113525276012,True
IMG_2857_dish0.mp4,27185,906.5897418795438,539.2304039001465,547.0173416137695,473.4476909637451,,,3,343.7262194171598,886.9320001294764,286.2152212038816,630.9152984058505,326.10188125502617,763.5616329945408,-1.4288992721907328,,,8.605893497320073,True
IMG_2857_dish0.mp4,27185,906.5897418795438,539.2304039001465,547.0173416137695,473.4476909637451,,,4,383.61287946830447,873.94564569422,337.23304219953167,680.0779259107496,388.2508631951817,793.2447288465553,-1.6282044414316954,,,27.556031111024915,False
IMG_2857_dish0.mp4,27185,906.5897418795438,539.2304039001465,547.0173416137695,473.4476909637451,,,5,405.87520135731535,900.845951310108,624.7880332659229,676.3675389292478,519.9696010384964,797.8827125734326,-2.407431657595765,,,7.154768795669733,True
IMG_2857_dish0.mp4,27185,906.5897418795438,539.2304039001465,547.0173416137695,473.4476909637451,,,6,402.1648143758136,826.6382116800717,535.7387457098791,611.4357667529658,472.6621670243482,745.0096980870317,-2.283153924889226,,,15.537361639328713,True
IMG_2857_dish0.mp4,27185,906.5897418795438,539.2304039001465,547.0173416137695,473.4476909637451,,,7,392.88884692205903,934.2394341436244,411.44078182956815,1103.989638547333,393.8164436674345,1011.2299640097874,1.5828439366490827,,,10.067689890524912,True
IMG_2857_dish0.mp4,4061,135.4298672713933,511.4247970581054,651.2883148193359,473.4477653503418,,,0,610.3199830911062,575.9983979900173,708.6626058876184,738.378077491235,652.630181271001,633.1743414763616,2.20786665607058,,,8.461288142571327,True
IMG_2857_dish0.mp4,4061,135.4298672713933,511.4247970581054,651.2883148193359,473.4477653503418,,,1,707.5190870178915,590.8641432964669,614.8940585700138,550.8409828560259,660.6348133590891,565.7067281624754,-0.49248576587192355,,,10.213194248815745,True
IMG_2857_dish0.mp4,4061,135.4298672713933,511.4247970581054,651.2883148193359,473.4477653503418,,,2,25.98184066066827,621.7391527790928,59.14388788274792,526.8270865917614,39.70406709739086,564.5632092927485,-1.8063413075157593,,,13.75959509414733,True
IMG_2857_dish0.mp4,4061,135.4298672713933,511.4247970581054,651.2883148193359,473.4477653503418,,,3,-23.189470737587783,554.2715394652066,38.560548227663986,674.3410207865295,-1.4626122127769747,613.7345206910045,1.9211105390302994,,,13.368343341243412,True
IMG_2857_dish0.mp4,4061,135.4298672713933,511.4247970581054,651.2883148193359,473.4477653503418,,,4,-2.6061310825038504,579.428954599198,-58.638555699121184,763.5354926252264,-27.76354621649531,676.6280585259833,1.3175305605641439,,,5.047192036828414,True
IMG_2857_dish0.mp4,4061,135.4298672713933,511.4247970581054,651.2883148193359,473.4477653503418,,,5,143.76428424253737,1167.1976536388167,45.4216614460253,985.3781533522422,119.7503879782728,1059.7068798844896,-1.3510012552708643,,,32.40667004389693,False
IMG_2857_dish0.mp4,4061,135.4298672713933,511.4247970581054,651.2883148193359,473.4477653503418,,,6,269.5513599124947,1168.3411725085437,116.31983136909216,1143.1837573745522,186.07448242243217,1174.0587668571782,0.06838634359050465,,,27.79352971799499,False
IMG_2857_dish0.mp4,16614,554.0585606616421,541.0285835266113,546.970630645752,473.4478721618652,476.16419322817126,782.1194063209854,0,402.06961455114634,1045.7181882109653,396.50403407889354,1106.9395734057457,404.85240478727263,1069.8357035907272,1.6856729322117923,1.32783794403026,20.50243458491551,19.26232814699752,True
IMG_2857_dish0.mp4,16614,554.0585606616421,541.0285835266113,546.970630645752,473.4478721618652,476.16419322817126,782.1194063209854,1,558.8334645195982,746.104439454693,748.9907973215668,649.6343779356457,648.8103488210174,690.4486347321656,-2.5876401449487654,-2.65347329197643,3.77196147674941,9.572794973732815,True
IMG_2857_dish0.mp4,16614,554.0585606616421,541.0285835266113,546.970630645752,473.4478721618652,476.16419322817126,782.1194063209854,2,747.1356038308159,489.1601409856917,636.7515911311366,469.68060933280714,697.0453795805413,478.0289800411863,-0.2186689458739416,-2.198999824904766,113.46460140789863,4.645668392421733,True
IMG_2857_dish0.mp4,16614,554.0585606616421,541.0285835266113,546.970630645752,473.4478721618652,476.16419322817126,782.1194063209854,3,95.03509006262,423.30077029478394,128.42857289613636,531.8295895037123,102.45586402562364,475.2461880358095,1.7126933813990604,-0.687509090014879,137.52147158888835,16.525796389925578,True
IMG_2857_dish0.mp4,16614,554.0585606616421,541.0285835266113,546.970630645752,473.4478721618652,476.16419322817126,782.1194063209854,4,-23.697293345438386,570.7886528094815,117.29741195163092,387.1244972251412,36.59649510396625,457.6218498736759,-2.060328121159416,-0.6359190205352888,81.61262976578787,20.81262687033022,False
IMG_2857_dish0.mp4,16614,554.0585606616421,541.0285835266113,546.970630645752,473.4478721618652,476.16419322817126,782.1194063209854,5,36.59649510396625,490.08773596181686,42.16207557621899,573.5714430456078,19.89975368720806,534.6123797398387,1.2120256565243246,-0.4970389985405379,97.92219165019846,50.30092651652572,False
IMG_2857_dish0.mp4,16614,554.0585606616421,541.0285835266113,546.970630645752,473.4478721618652,476.16419322817126,782.1194063209854,6,74.62796166435996,456.6942531283004,72.77276817360905,603.2545388976224,73.70036491898449,526.2640090314596,1.5574637835007508,-0.5662728992920769,121.6811487211427,0.0736212630649378,True
IMG_2857_dish0.mp4,41300,1377.309411058494,541.0285835266113,546.970630645752,473.4478721618652,,,3,250.87134505494697,859.2712423904989,400.2144210603953,1100.4463961881174,328.78947166648527,980.7864160346836,2.1409755059882376,,,1.8359160566431563,True
IMG_2857_dish0.mp4,41300,1377.309411058494,541.0285835266113,546.970630645752,473.4478721618652,,,4,212.83987849455332,897.3027089508926,425.2595331855328,862.054032626625,294.46839208759343,879.6783707887589,-2.928947731232022,,,4.509177069093354,True
IMG_2857_dish0.mp4,41300,1377.309411058494,541.0285835266113,546.970630645752,473.4478721618652,,,5,243.45057109194337,816.6017921032278,220.26065245755697,657.0551518986492,280.55444090696153,745.1768427093177,-2.0499066208552876,,,61.83134249477697,False
IMG_2857_dish0.mp4,41300,1377.309411058494,541.0285835266113,546.970630645752,473.4478721618652,,,6,220.26065245755697,783.2083092697114,335.28264888411354,660.7655388801511,254.58173203644884,730.3352947833102,-2.1465546443181305,,,16.247873185424424,True
IMG_2857_dish0.mp4,41300,1377.309411058494,541.0285835266113,546.970630645752,473.4478721618652,,,7,235.10220038356425,803.6154376679715,302.8167627959725,632.0100397735121,289.8304083607161,734.0456817648121,-2.237354145624578,,,30.937755207661127,False
IMG_2857_dish0.mp4,41300,1377.309411058494,541.0285835266113,546.970630645752,473.4478721618652,,,8,163.6772509896541,823.0949693208561,337.13784237486436,760.9459873807004,246.2333613280697,807.3258246494731,-2.9528548860696575,,,16.216982746217855,True
IMG_2857_dish0.mp4,41300,1377.309411058494,541.0285835266113,546.970630645752,473.4478721618652,,,9,173.88081518878414,792.4842767234659,50.510448053848506,681.1726672784112,117.29741372088132,759.0907938899495,-0.5331557055076295,,,18.85113360608856,True
IMG_2857_dish0.mp4,41300,1377.309411058494,541.0285835266113,546.970630645752,473.4478721618652,,,10,142.34252584601865,859.2712423904989,185.01197613328964,678.3898770422848,124.718187683885,779.4979222882096,-1.3533589073919496,,,43.267149890980846,False
IMG_2857_dish0.mp4,44047,1468.918828786767,541.0285835266113,546.970630645752,473.4478721618652,327.58389884841705,718.8343435384434,0,261.074909254077,862.054032626625,390.93845360664073,1093.0256222251137,316.7307139766044,953.8861104187952,2.115660242246441,1.5246555048489336,33.8620771251147,3.1459158284935165,True
IMG_2857_dish0.mp4,44047,1468.918828786767,541.0285835266113,546.970630645752,473.4478721618652,327.58389884841705,718.8343435384434,1,200.78112080467236,898.230305696268,414.1283722410272,858.3436456451234,333.4274553933626,886.171548006387,-3.050932766389047,1.605702987042088,93.1944245986737,13.831177129833756,True
IMG_2857_dish0.mp4,44047,1468.918828786767,541.0285835266113,546.970630645752,473.4478721618652,327.58389884841705,718.8343435384434,2,181.30158915178777,804.543034413347,47.727657817722104,690.4486347321658,121.00780070238318,743.3216492185668,-0.7930316029149425,0.11798832987435215,52.197597201118505,9.626199944879586,True
IMG_2857_dish0.mp4,44047,1468.918828786767,541.0285835266113,546.970630645752,473.4478721618652,327.58389884841705,718.8343435384434,3,151.6184932997732,851.8504684274951,131.21136490151315,755.3804069084476,100.60067230412312,833.298533519986,-0.348771003583907,0.46706956707088654,46.744221454064295,91.46462980520538,False
IMG_2857_dish0.mp4,44047,1468.918828786767,541.0285835266113,546.970630645752,473.4478721618652,327.58389884841705,718.8343435384434,4,167.38763797115593,808.2534213948486,327.8618749211098,776.7151320520832,245.30576458269428,794.3394702142168,-2.9648837975197573,0.7424984789578752,147.58264251622833,1.9261132280117832,True
IMG_2857_dish0.mp4,44047,1468.918828786767,541.0285835266113,546.970630645752,473.4478721618652,327.58389884841705,718.8343435384434,5,196.14313707779507,798.9774539410942,286.12002137921434,644.0687974633929,269.42327996245615,754.4528101630722,-2.5956073480840542,0.5494985902755135,179.79870361046432,50.11596145964538,False
IMG_2857_dish0.mp4,44047,1468.918828786767,541.0285835266113,546.970630645752,473.4478721618652,327.58389884841705,718.8343435384434,6,225.8262329298097,837.9365172468633,228.60902316593604,673.7518933154076,226.75382967518516,769.2943580890794,-1.5843090178082249,0.46400442269930947,117.35971526100275,0.3381794513696947,True
IMG_2857_dish0.mp4,44047,1468.918828786767,541.0285835266113,546.970630645752,473.4478721618652,327.58389884841705,718.8343435384434,7,188.72236311479145,806.3982279040977,322.2962944488571,682.1002640237866,244.3781678373188,726.6249078018086,-2.17995979245567,0.0933579643526532,130.2515129572646,25.35262308713294,False
IMG_2857_dish0.mp4,147,4.902287734275995,511.0352478027344,626.2388687133789,473.448055267334,,,0,669.2029616384757,457.0366841391711,622.1669515914443,557.5452108712489,650.8836735148952,499.12153523388344,1.1602388787530502,,,2.6520809613006366,True
IMG_2857_dish0.mp4,147,4.902287734275995,511.0352478027344,626.2388687133789,473.448055267334,,,1,612.759749582038,576.3596148900613,714.7536239998115,740.2429762118236,685.0466702858969,661.0244329747179,2.277493030646789,,,19.93469330693662,True
IMG_2857_dish0.mp4,147,4.902287734275995,511.0352478027344,626.2388687133789,473.448055267334,,,2,47.823757713097734,957.9787543224468,177.8319072814407,687.5862178962689,152.19649750740126,824.9187702571944,-2.2359546987526953,,,27.537244002413924,False
IMG_2857_dish0.mp4,147,4.902287734275995,511.0352478027344,626.2388687133789,473.448055267334,,,3,-17.485498192399717,572.8372408124728,-55.32824595407702,771.8168500109698,-20.53733268930918,672.3270454117212,1.540131095867948,,,17.517399046726087,True
IMG_2857_dish0.mp4,147,4.902287734275995,511.0352478027344,626.2388687133789,473.448055267334,,,4,30.73348685876971,658.8989736253197,57.58963043157297,522.1767881637759,28.902386160624076,592.9793484920754,-1.5430256902014763,,,23.647573798233886,False
IMG_2857_dish0.mp4,147,4.902287734275995,511.0352478027344,626.2388687133789,473.448055267334,,,5,349.7268601866216,1211.9952481686514,552.36866146795,1033.1577093959174,483.3972018377961,1155.2310892722958,-2.740011852294441,,,37.52466667717445,False
IMG_2857_dish0.mp4,36220,1207.897018608684,528.4137496948242,530.657642364502,473.4482517242432,308.4010457154395,726.0918457682516,0,172.32230021794027,818.2937138607833,38.748368883874605,680.0817987998403,110.17331827778472,762.637909138256,-0.7303357680237781,0.18231677545811958,52.29113890339259,7.2895142385284375,True
IMG_2857_dish0.mp4,36220,1207.897018608684,528.4137496948242,530.657642364502,473.4482517242432,308.4010457154395,726.0918457682516,1,138.9288173844239,873.9495185833107,184.38105790782123,671.7334280914613,138.9288173844239,789.5382147541441,-1.5707963267948966,0.35822366570502306,110.52470416660312,21.097949588989177,False
IMG_2857_dish0.mp4,36220,1207.897018608684,528.4137496948242,530.657642364502,473.4482517242432,308.4010457154395,726.0918457682516,2,166.75671974568758,796.9589887171478,229.83329843121857,678.2266053090896,235.39887890347129,792.3210049902705,-3.074127629067888,0.7367907645150603,141.6504599789215,88.9272411958615,False
IMG_2857_dish0.mp4,36220,1207.897018608684,528.4137496948242,530.657642364502,473.4482517242432,308.4010457154395,726.0918457682516,3,209.4261700329585,796.9589887171478,333.72413391326967,670.8058313460858,258.5887975378577,739.4479905038695,-2.2780928124723596,0.26196782555857073,145.53475426647938,7.06069084867061,True
IMG_2857_dish0.mp4,36220,1207.897018608684,528.4137496948242,530.657642364502,473.4482517242432,308.4010457154395,726.0918457682516,4,259.5163942832332,786.7554245180179,298.47545758900225,624.425994077313,285.48910315374593,725.5340393232377,-1.9720251257997448,-0.024340855281932163,111.59408852468718,15.669697426490211,True
IMG_2857_dish0.mp4,36220,1207.897018608684,528.4137496948242,530.657642364502,473.4482517242432,308.4010457154395,726.0918457682516,5,163.97392950956117,792.3210049902705,382.8867614181688,740.375587249245,291.9822803713741,766.3482961197578,-2.9414115856239054,1.183537414837434,123.65783156685778,4.475865568056035,True
IMG_2857_dish0.mp4,36220,1207.897018608684,528.4137496948242,530.657642364502,473.4482517242432,308.4010457154395,726.0918457682516,6,211.28136352370944,888.791066509318,402.36629307105335,870.2391316018088,298.47545758900225,877.6599055648126,-3.014619863975715,1.5054036828664372,101.02172746619172,3.189388177914277,True
IMG_2857_dish0.mp4,36220,1207.897018608684,528.4137496948242,530.657642364502,473.4482517242432,308.4010457154395,726.0918457682516,7,261.371587773984,867.4563413656824,396.6721874555297,1084.9274599047294,353.22600962893864,996.2972571384836,2.190146853889379,1.7351913521280944,26.06703011717832,9.37225861142609,True
IMG_2857_dish0.mp4,34132,1138.264523444274,528.4137496948242,530.657642364502,473.4482517242432,310.8094493009139,716.1564910810968,0,199.7758159285519,820.4171168635091,55.070723649980835,678.4948148210651,184.93426800254468,736.0058130343427,-1.3967510869521587,0.15640261479310405,88.9891520451242,56.14144239103446,False
IMG_2857_dish0.mp4,34132,1138.264523444274,528.4137496948242,530.657642364502,473.4482517242432,310.8094493009139,716.1564910810968,1,133.9164470068946,858.4485834239033,184.0066712571692,696.1191529831981,148.75799493290185,781.4580535577404,-1.76123144220845,0.3830624400712722,122.85898949035028,11.531624981010927,True
IMG_2857_dish0.mp4,34132,1138.264523444274,528.4137496948242,530.657642364502,473.4482517242432,310.8094493009139,716.1564910810968,2,238.7348792343211,867.7245508776573,219.25534758143652,658.0876864228044,230.386508525942,812.0687461551299,-1.421906379185399,0.8730134557691743,131.4892208637565,4.396094236211711,True
IMG_2857_dish0.mp4,34132,1138.264523444274,528.4137496948242,530.657642364502,473.4482517242432,310.8094493009139,716.1564910810968,3,235.0244922528193,783.3132470484909,335.20494075336853,658.0876864228037,252.64883041495295,731.3678293074652,-1.8978944238006883,0.2558101649124348,123.39818325122074,29.66510330980189,False
IMG_2857_dish0.mp4,34132,1138.264523444274,528.4137496948242,530.657642364502,473.4482517242432,310.8094493009139,716.1564910810968,4,269.34557183171114,764.7613121409815,289.7527002299712,630.2597840615404,279.54913603084117,714.6710878907068,-1.7717505904829933,-0.04748150578431602,98.79334129811969,4.621408062001822,True
IMG_2857_dish0.mp4,34132,1138.264523444274,528.4137496948242,530.657642364502,473.4482517242432,310.8094493009139,716.1564910810968,5,267.49037834096026,753.6301511964759,382.51237476751675,750.8473609603491,319.43579608198576,777.7476665762376,2.7069224384405506,1.709949310897129,57.122352496195994,48.0015907262562,False
IMG_2857_dish0.mp4,34132,1138.264523444274,528.4137496948242,530.657642364502,473.4482517242432,310.8094493009139,716.1564910810968,6,210.90697687305743,898.3352434750475,414.0506641102823,863.0865671507793,296.24587744759936,876.072921586036,-2.8864102629689694,1.4799769601100512,109.82444039772463,8.33020321527679,True
IMG_2857_dish0.mp4,34132,1138.264523444274,528.4137496948242,530.657642364502,473.4482517242432,310.8094493009139,716.1564910810968,7,249.8660401788266,861.231373660029,399.20911618427505,1096.840946985394,351.9016821701267,963.2670156513288,2.356194490192346,1.7355793764077547,35.55862672188845,25.497551493337774,False
IMG_2857_dish0.mp4,21280,709.6645101047155,540.992374420166,545.5233764648438,473.4482097625733,490.7632205576279,776.4502795305027,0,422.3990374725369,955.8462416883274,390.86074812977137,1103.3341242030249,414.0506667641578,1032.8367715544905,1.4627846020948507,1.280067497921413,10.468918913990178,12.019868507339364,True
IMG_2857_dish0.mp4,21280,709.6645101047155,540.992374420166,545.5233764648438,473.4482097625733,490.7632205576279,776.4502795305027,1,509.59313153782983,784.240843793868,627.3979182005128,678.494814821066,563.3937427696062,736.9334097797198,-2.420326605193777,-2.6433053203697545,12.775739300833187,1.0719373183298708,True
IMG_2857_dish0.mp4,21280,709.6645101047155,540.992374420166,545.5233764648438,473.4482097625733,490.7632205576279,776.4502795305027,2,508.6655347924544,574.603979339015,656.1534173071518,467.0027568754621,596.7872256031228,525.4413518341158,-2.632708436809819,-1.9704553685936126,37.944305778378045,15.391943570899803,True
IMG_2857_dish0.mp4,21280,709.6645101047155,540.992374420166,545.5233764648438,473.4482097625733,490.7632205576279,776.4502795305027,3,308.3046377913559,721.1642651083371,138.5544333876474,587.5903337742714,221.110543726063,654.3772994413043,-0.6536358969195211,-0.42510071241174996,13.094101542538846,1.521891472742105,True
IMG_2857_dish0.mp4,21280,709.6645101047155,540.992374420166,545.5233764648438,473.4482097625733,490.7632205576279,776.4502795305027,4,279.5491316077152,619.1286213477865,-20.992213893932544,542.1380914816236,150.6131840005268,553.2692524261291,-0.47224338582675685,-0.5806691499330487,6.212338673771582,23.34626910282044,False
IMG_2857_dish0.mp4,21280,709.6645101047155,540.992374420166,545.5233764648438,473.4482097625733,490.7632205576279,776.4502795305027,5,86.60900856962036,454.9439974163308,68.05707366211124,600.5766864402774,118.14729791238584,528.2241403009918,1.9772148294510414,-0.5876597753468834,146.95648983520607,57.9812184494575,False
IMG_2857_dish0.mp4,21280,709.6645101047155,540.992374420166,545.5233764648438,473.4482097625733,490.7632205576279,776.4502795305027,6,94.95737927799944,563.4728166252592,37.44638106472115,482.7718997775945,70.83986389823758,535.6449142639955,-0.8567056281827387,-0.5206692004541112,19.25346907150327,8.638738905447475,True
IMG_2857_dish0.mp4,21280,709.6645101047155,540.992374420166,545.5233764648438,473.4482097625733,490.7632205576279,776.4502795305027,7,125.56807187538948,391.86741873079984,15.184059175710216,490.19267374059814,84.75381507886942,423.40570807356534,0.65788860518221,-0.7157336521730091,78.70275799168705,6.136620205403395,True
IMG_2857_dish0.mp4,34376,1146.401654105249,540.9923973083496,545.5233535766602,473.4482097625733,307.24306446685273,717.4937204768588,0,268.98224500002067,867.5372607714569,391.6308753307804,1106.814956754166,329.93033737297486,992.4432278567704,2.024759008591188,1.653124143352269,21.293109298103165,2.335547899708802,True
IMG_2857_dish0.mp4,34376,1146.401654105249,540.9923973083496,545.5233535766602,473.4482097625733,307.24306446685273,717.4937204768588,1,220.07328198468707,899.1399753352109,423.2335898945344,860.012804922944,303.59474190317985,877.3190533745235,-2.88604355964841,1.547973354868802,105.94954450854424,6.41090944004319,True
IMG_2857_dish0.mp4,34376,1146.401654105249,540.9923973083496,545.5233535766602,473.4482097625733,307.24306446685273,717.4937204768588,2,175.67899247846125,791.5402567014769,378.83930038830846,747.1459671952509,286.2884934516003,770.471780325641,-2.9533711482850236,1.1941467323072024,122.36472998702135,3.3614976265405816,True
IMG_2857_dish0.mp4,34376,1146.401654105249,540.9923973083496,545.5233535766602,473.4482097625733,307.24306446685273,717.4937204768588,3,217.8159452301332,774.9864538347485,224.5879554937948,655.3476058433941,250.17110537873856,726.8299364042664,-2.1623960371300104,0.16215050688145818,133.18670625357862,53.58818780210058,False
IMG_2857_dish0.mp4,34376,1146.401654105249,540.9923973083496,545.5233535766602,473.4482097625733,307.24306446685273,717.4937204768588,4,230.60752017260512,796.807375795436,300.5849595637747,639.5462485615171,270.48713616972327,740.3739569315894,-2.1859825649068694,0.5567930928962603,157.14946934333744,18.626818144454077,True
IMG_2857_dish0.mp4,34376,1146.401654105249,540.9923973083496,545.5233535766602,473.4482097625733,307.24306446685273,717.4937204768588,5,218.56839081498453,793.0451478711796,330.68278295782613,682.4356468980404,244.15154069992823,738.1166201770357,-2.0066732992022813,0.31592480134419504,133.0750686664147,32.26568893104845,False
IMG_2857_dish0.mp4,34376,1146.401654105249,540.9923973083496,545.5233535766602,473.4482097625733,307.24306446685273,717.4937204768588,6,174.9265468936099,765.2046612316819,45.505906299188666,677.1685278040814,138.80915882074817,724.5725996497124,-0.8441539861131722,0.042002919165374984,50.773050658835004,21.432952961014173,False
IMG_2857_dish0.mp4,34376,1146.401654105249,540.9923973083496,545.5233535766602,473.4482097625733,307.24306446685273,717.4937204768588,7,132.78959414193793,825.4003080197849,185.46078508152792,678.673418973784,132.78959414193793,755.4228686286151,-1.5707963267948966,0.21408520855495314,102.26617890637684,34.46081627137178,False
IMG_2857_dish0.mp4,32746,1092.042953378243,540.9923973083496,545.5233535766602,473.4482097625733,316.2724114850682,728.7804042496282,0,162.8874175359893,830.6674271137438,177.18388364816377,689.207657161702,144.82872349955846,781.7584640984103,-1.2170931807137746,0.2997035239331499,86.90604955562004,39.534991869416274,False
IMG_2857_dish0.mp4,32746,1092.042953378243,540.9923973083496,545.5233535766602,473.4482097625733,316.2724114850682,728.7804042496282,1,185.46078508152792,741.8788481012921,41.74367837493224,680.9307557283378,145.58116908440974,675.6636366343789,-1.0287073789934582,-0.3016875527164386,41.65516766800753,61.84441003538619,False
IMG_2857_dish0.mp4,32746,1092.042953378243,540.9923973083496,545.5233535766602,473.4482097625733,316.2724114850682,728.7804042496282,2,267.4773538303181,796.0549302105846,221.57817315438967,655.3476058433941,285.53604786674896,733.6019466679279,-1.8522756253229389,0.15559965598085024,115.04277940735004,55.38696918700788,False
IMG_2857_dish0.mp4,32746,1092.042953378243,540.9923973083496,545.5233535766602,473.4482097625733,316.2724114850682,728.7804042496282,3,253.93333330299495,795.3024846257333,305.8520786577337,626.7546736190452,280.26892877279,747.1459671952509,-2.0712371399421907,0.4716990320246527,145.69951022485387,16.676247181511407,True
IMG_2857_dish0.mp4,32746,1092.042953378243,540.9923973083496,545.5233535766602,473.4482097625733,316.2724114850682,728.7804042496282,4,247.91376862418468,857.75546816839,323.91077269416456,662.1196161070557,262.9626803212104,740.3739569315894,-1.6983058850101351,0.21414093941721157,109.57513158288371,30.60734505661549,False
IMG_2857_dish0.mp4,32746,1092.042953378243,540.9923973083496,545.5233535766602,473.4482097625733,316.2724114850682,728.7804042496282,5,205.77681587251263,943.5342648414368,426.9958178187909,856.2505769986876,297.57517722436955,897.6350841655083,-2.677945044588987,1.4605158448000992,122.88365735804834,8.832467269038636,True
IMG_2857_dish0.mp4,32746,1092.042953378243,540.9923973083496,545.5233535766602,473.4482097625733,316.2724114850682,728.7804042496282,6,261.4577891515078,863.0225872623491,403.670004688401,1096.280718566248,330.68278295782613,973.6320882354884,2.1300068890060984,1.629581987758897,28.67223480471563,1.283865647387618,True
IMG_2857_dish0.mp4,32746,1092.042953378243,540.9923973083496,545.5233535766602,473.4482097625733,316.2724114850682,728.7804042496282,7,451.8265221188833,1043.6095276266578,528.5759717737144,774.9864538347488,454.0838588734371,876.5666077896722,-1.5843090178082246,2.3212827768543294,136.2260736649108,35.47961757251681,False
IMG_2857_dish0.mp4,892,29.747215367171343,514.5816059112549,635.3196029663086,473.4481077194214,,,0,616.606110525139,579.7560567742153,708.2367717180932,734.8233295622913,682.8621270800443,658.6993956481449,2.269037215638062,,,21.571307191254522,False
IMG_2857_dish0.mp4,892,29.747215367171343,514.5816059112549,635.3196029663086,473.4481077194214,,,1,736.4308213159252,658.6993956481447,619.4255154849222,540.2843873372505,699.7785568387435,598.082189012806,-1.0269638704927724,,,23.11329726885587,False
IMG_2857_dish0.mp4,892,29.747215367171343,514.5816059112549,635.3196029663086,473.4481077194214,,,2,306.4715649489868,770.065891559582,179.59834175874266,693.9419576454357,224.7088211152739,723.5457097231592,-0.5172873803276209,,,3.6365042966835612,True
IMG_2857_dish0.mp4,892,29.747215367171343,514.5816059112549,635.3196029663086,473.4481077194214,,,3,131.66845744242823,1147.8661561705314,268.40959799191353,1164.7825859292304,199.33417647722507,1159.1437760096642,2.9764439761751675,,,4.795463836586673,True
IMG_2857_dish0.mp4,892,29.747215367171343,514.5816059112549,635.3196029663086,473.4481077194214,,,4,36.79629067342236,496.2088607362232,36.04384508857109,664.00422615806,3.688684939965782,600.7987970305519,1.264228987340472,,,44.67313755809476,False
IMG_2857_dish0.mp4,892,29.747215367171343,514.5816059112549,635.3196029663086,473.4481077194214,,,5,-36.19093105715237,691.8447127975576,65.38922289777122,511.257772433249,-5.340662078249636,610.5805896336187,-1.933619659781993,,,14.667228745411522,True
IMG_2857_dish0.mp4,892,29.747215367171343,514.5816059112549,635.3196029663086,473.4481077194214,,,6,-16.627348721371106,579.7303206547159,-62.526529397299555,779.8808462251579,-30.171369248694248,696.3593863066653,1.455185147563012,,,14.551706782587122,True
IMG_2857_dish0.mp4,14560,485.5599279663843,542.3872756958008,546.6892700195312,473.4480857849121,515.5120135896822,597.6725017935216,0,437.8441184537306,802.9964749515705,396.4596112869098,1100.9649265526796,416.7756420778946,981.3260785613252,1.4531979861839206,1.318904433376242,7.694453791697213,2.8996495181801256,True
IMG_2857_dish0.mp4,14560,485.5599279663843,542.3872756958008,546.6892700195312,473.4480857849121,515.5120135896822,597.6725017935216,1,649.2813277969419,654.7646947358669,756.1286008458246,643.4780109630975,701.9525187365318,665.2989329237848,2.944197093739913,2.793627765721494,8.626987019576307,33.24841294172656,False
IMG_2857_dish0.mp4,14560,485.5599279663843,542.3872756958008,546.6892700195312,473.4480857849121,515.5120135896822,597.6725017935216,2,743.3370259033527,478.6924278806659,637.2421984393213,466.65329852304535,684.6462702849524,469.6630808624505,-0.15264932839526443,-2.493721343190709,134.1335459839672,5.113211523066962,True
IMG_2857_dish0.mp4,14560,485.5599279663843,542.3872756958008,546.6892700195312,473.4480857849121,515.5120135896822,597.6725017935216,3,136.11343892836487,476.4350911261121,,,86.45203032817994,438.8128118835478,-0.6483319890872606,-0.3546002711386106,16.82958774758474,,False
IMG_2857_dish0.mp4,14560,485.5599279663843,542.3872756958008,546.6892700195312,473.4480857849121,515.5120135896822,597.6725017935216,4,121.8169728161904,465.9008529381941,63.87866278264136,470.41552644730183,66.8884451220465,581.7774730052922,1.1281430080955632,-0.03541584466969483,66.66701147853321,153.08967535209086,False
IMG_2857_dish0.mp4,14560,485.5599279663843,542.3872756958008,546.6892700195312,473.4480857849121,515.5120135896822,597.6725017935216,5,88.70936708273382,519.3244894626355,57.106652518979786,483.95954697462497,39.04795848254892,551.6796496112407,0.5774396161445133,-0.09623137785879526,38.59850473677257,138.01627010687247,False
IMG_2857_dish0.mp4,14560,485.5599279663843,542.3872756958008,546.6892700195312,473.4480857849121,515.5120135896822,597.6725017935216,6,49.58219667046694,536.6307379142149,31.52350263403608,485.4644381443275,54.096870179574665,563.7187789688613,1.735945004209523,-0.07345367013278352,103.67090749638022,173.37150585917345,False
IMG_2857_dish0.mp4,14560,485.5599279663843,542.3872756958008,546.6892700195312,473.4480857849121,515.5120135896822,597.6725017935216,7,39.04795848254892,547.9174216869843,-36.94904558743099,522.3342718020406,113.54007138282626,380.8745018499987,-1.9902737885502573,-0.49461914634222015,85.69469860766972,157.26281841940852,False
IMG_2857_dish0.mp4,14560,485.5599279663843,542.3872756958008,546.6892700195312,473.4480857849121,515.5120135896822,597.6725017935216,8,51.83953342502079,436.5554751289939,,,,,,,,,False
IMG_2857_dish0.mp4,50481,1683.4856266257586,542.3872756958008,546.6892700195312,473.4480857849121,305.5796954161733,779.7643333275329,0,137.1457897700687,879.3940194370946,58.1390033606836,690.5301776394217,104.03818403661204,792.1103315943453,-1.2082520895303888,0.061181391253669844,72.73318082152805,3.543665050007324,True
IMG_2857_dish0.mp4,50481,1683.4856266257586,542.3872756958008,546.6892700195312,473.4480857849121,305.5796954161733,779.7643333275329,1,147.33799500620745,913.08467455582,130.50405456832254,754.1524721863768,102.7775644353356,858.6219260803098,-0.8850668158886122,0.370848873631992,71.95866843379329,54.153198483945935,False
IMG_2857_dish0.mp4,50481,1683.4856266257586,542.3872756958008,546.6892700195312,473.4480857849121,305.5796954161733,779.7643333275329,2,193.3837732627751,911.599326870124,201.30562758648563,748.7061973388259,195.8593527389346,813.566379614206,-1.5960434863390582,0.29884808665056123,108.56928976721098,3.3532804273308163,True
IMG_2857_dish0.mp4,50481,1683.4856266257586,542.3872756958008,546.6892700195312,473.4480857849121,305.5796954161733,779.7643333275329,3,197.83981631986228,892.2898069560797,291.4167205186932,628.3930347974717,237.449087938415,773.4619921004214,-1.8925468811915385,-0.09224131278155495,103.14991090379276,1.970939325012896,True
IMG_2857_dish0.mp4,50481,1683.4856266257586,542.3872756958008,546.6892700195312,473.4480857849121,305.5796954161733,779.7643333275329,4,168.13286260594765,867.5340121944841,282.5046344045188,757.1231675577683,235.4686243574874,832.3807836330186,-2.6604541171183387,0.6438036184151615,170.67997733047588,30.427409291000956,False
IMG_2857_dish0.mp4,50481,1683.4856266257586,542.3872756958008,546.6892700195312,473.4480857849121,305.5796954161733,779.7643333275329,5,223.58584287192156,944.27697595543,315.67739938505673,779.898498738436,276.5632436617359,876.4460983086585,-2.23385765637685,1.2792264036206054,158.71511028746173,15.936358032975866,True
IMG_2857_dish0.mp4,50481,1683.4856266257586,542.3872756958008,546.6892700195312,473.4480857849121,305.5796954161733,779.7643333275329,6,204.27632295787708,955.1695256505324,413.215230745743,861.5926214517017,308.2506609565781,944.7720918506624,-3.041924001098632,1.5869818220854903,94.7832325680197,32.68457136574639,False
IMG_2857_dish0.mp4,50481,1683.4856266257586,542.3872756958008,546.6892700195312,473.4480857849121,305.5796954161733,779.7643333275329,7,205.7616706435728,898.2311976988626,392.91547904123473,1098.7531352677863,309.7360086422738,1002.7006515927958,2.3538191977473844,1.5894376671034973,43.795835643644544,3.972017944930296,True
IMG_2857_dish0.mp4,14973,499.33302207696926,542.3872756958008,546.6892700195312,473.4480857849121,509.8219356716424,659.100918758254,0,398.7682330488006,881.0097522814895,393.2749309543636,1103.183303656498,408.534103438911,1002.472765258486,1.651025753268795,1.2839513629454467,21.031813332865692,13.212455713873723,True
IMG_2857_dish0.mp4,14973,499.33302207696926,542.3872756958008,546.6892700195312,473.4480857849121,509.8219356716424,659.100918758254,1,220.5411019218357,443.98706163751535,81.37744886276431,442.7663278387512,150.9592753923,506.2444853744681,0.7298996581517296,-0.4026723966855605,64.89159873663594,84.19376424184503,False
IMG_2857_dish0.mp4,14973,499.33302207696926,542.3872756958008,546.6892700195312,473.4480857849121,509.8219356716424,659.100918758254,2,-30.93006062350381,573.3848443064758,125.93423251764244,385.3918392968535,50.859103893669726,464.7395362164993,-2.216092765795716,-0.4005821248276339,104.02109738856198,6.442383117381438,True
IMG_2857_dish0.mp4,14973,499.33302207696926,542.3872756958008,546.6892700195312,473.4480857849121,509.8219356716424,659.100918758254,3,41.70360040294133,484.2712769967198,33.768830710976744,545.9183338342909,17.899291327047564,559.9567725200743,1.26607575603033,-0.19887990694133845,83.93577666206605,148.9556709908425,False
IMG_2857_dish0.mp4,14973,499.33302207696926,542.3872756958008,546.6892700195312,473.4480857849121,509.8219356716424,659.100918758254,4,74.6634129695635,470.2328383109363,74.05304607018161,599.0202540805155,67.33901017698079,518.4518233621058,1.4200499456744748,-0.3077635440556998,98.99642074730943,13.400773105796937,True
IMG_2857_dish0.mp4,14973,499.33302207696926,542.3872756958008,546.6892700195312,473.4480857849121,509.8219356716424,659.100918758254,5,749.118814667087,481.2194424998098,638.0320389795827,464.7395362164987,708.2242324085003,477.5572411035185,-0.08931399299322153,-2.400536500772708,132.42329521140667,5.231369238022889,True
IMG_2857_dish0.mp4,14973,499.33302207696926,542.3872756958008,546.6892700195312,473.4480857849121,509.8219356716424,659.100918758254,6,731.4181745850121,655.1740088236488,766.8194547491619,577.0470457027668,746.6773470695593,626.4867645527002,-2.0596486811226455,-3.0047566711549716,54.150699012944585,5.842830885931382,True
IMG_2857_dish0.mp4,39399,1313.9131594744213,542.3872756958008,546.6892700195312,473.4480857849121,296.74680677812125,718.2202869670408,0,272.78245342346366,893.8469771465825,401.4506484330336,1091.7401659624709,338.24521930552555,996.1795766863574,2.139900836763362,1.7189984071628568,24.115932802911207,0.87405413206655,True
IMG_2857_dish0.mp4,39399,1313.9131594744213,542.3872756958008,546.6892700195312,473.4480857849121,296.74680677812125,718.2202869670408,1,202.05256844744275,895.3518683162849,445.0924923544082,866.7589360919362,321.69141643879726,870.5211640161926,-2.9369508437600165,1.733139984195587,92.42350561538765,9.978830394879369,True
IMG_2857_dish0.mp4,39399,1313.9131594744213,542.3872756958008,546.6892700195312,473.4480857849121,296.74680677812125,718.2202869670408,2,175.71697297764774,797.5339422856177,296.1082665538535,631.2434680334836,259.23843289614047,786.2472585128487,-3.007271211636828,1.0668980390746328,126.56729691225632,68.9239851509223,False
IMG_2857_dish0.mp4,39399,1313.9131594744213,542.3872756958008,546.6892700195312,473.4480857849121,296.74680677812125,718.2202869670408,3,236.66506535060188,866.7589360919362,265.2579975749507,764.4263365521613,271.277562253761,831.3939936039258,-2.345442216401243,1.349438483732101,148.2989300780167,49.52031858402847,False
IMG_2857_dish0.mp4,39399,1313.9131594744213,542.3872756958008,546.6892700195312,473.4480857849121,296.74680677812125,718.2202869670408,4,228.3881639172377,665.8559649366427,317.17674292968945,754.6445439490944,184.74631999586313,832.1464391887769,1.3141409120139116,0.7939213672911976,29.806384332828692,135.0426068425878,False
IMG_2857_dish0.mp4,39399,1313.9131594744213,542.3872756958008,546.6892700195312,473.4480857849121,296.74680677812125,718.2202869670408,5,58.33546174084705,702.7257985943556,129.81779230171924,791.5143776068076,116.2737717743961,856.9771434888694,1.9301014705581354,0.655456932469881,73.03175241185929,147.72396252958592,False
IMG_2857_dish0.mp4,39399,1313.9131594744213,542.3872756958008,546.6892700195312,473.4480857849121,296.74680677812125,718.2202869670408,6,181.736537656458,677.142648709412,110.2542070955858,790.7619320219562,,,,,,,False
IMG_2857_dish0.mp4,46293,1543.82044954312,542.3872756958008,546.6892700195312,473.4480857849121,302.0139258720802,755.842566209605,0,178.72675531705283,826.1268745099667,40.276767704416216,680.9048766336684,114.01643501984222,743.3578601763252,-0.9072406004173657,-0.06631153044096476,48.18168657950923,11.718500754839903,True
IMG_2857_dish0.mp4,46293,1543.82044954312,542.3872756958008,546.6892700195312,473.4480857849121,302.0139258720802,755.842566209605,1,146.37159516844753,891.5896403920285,129.06534671686796,768.9410100612688,,,,,,,False
IMG_2857_dish0.mp4,46293,1543.82044954312,542.3872756958008,546.6892700195312,473.4480857849121,302.0139258720802,755.842566209605,2,116.27377177439608,829.8891024342231,225.37838157783256,896.1043139011363,329.21587228731005,768.9410100612688,-2.8628263590609215,2.6928331877383034,41.68415555684074,145.20610937876867,False
IMG_2857_dish0.mp4,46293,1543.82044954312,542.3872756958008,546.6892700195312,473.4480857849121,302.0139258720802,755.842566209605,3,272.0300078386123,832.8988847736282,210.3294698808068,918.6776814466748,421.7666792240182,864.5015993373822,2.9335899698669223,2.4047253018919794,30.30171340855182,153.71074126529604,False
IMG_2857_dish0.mp4,46293,1543.82044954312,542.3872756958008,546.6892700195312,473.4480857849121,302.0139258720802,755.842566209605,4,296.86071213870474,901.3714329950952,260.743324065843,875.7882831101515,385.64929115115655,1101.5219585655375,1.9883228197811915,1.8081794671894758,10.321453810842407,174.96528828422507,False
IMG_2857_dish0.mp4,46293,1543.82044954312,542.3872756958008,546.6892700195312,473.4480857849121,302.0139258720802,755.842566209605,5,333.73054579641774,981.8831105741828,180.98409207160677,795.2766055310642,284.82158278108426,650.0546076547661,-1.4244576770330666,-1.4096878464844436,0.8462489545594922,136.049662793831,False
IMG_2857_dish0.mp4,46293,1543.82044954312,542.3872756958008,546.6892700195312,473.4480857849121,302.0139258720802,755.842566209605,6,250.96153146277635,769.6934556461206,192.27077584437603,830.6415480190747,337.4927737206743,671.1230840306021,-2.2912453212243222,-1.9673870365568782,18.55571287179091,178.96466752968416,False
IMG_2857_dish0.mp4,46293,1543.82044954312,542.3872756958008,546.6892700195312,473.4480857849121,302.0139258720802,755.842566209605,7,224.62593599298128,752.3872071945409,205.06235078684784,836.6611126978848,233.6552830111968,672.6279752003045,-1.683523938385275,-0.883097802720851,45.86103938553735,176.57082756314085,False
IMG_2857_dish0.mp4,46293,1543.82044954312,542.3872756958008,546.6892700195312,473.4480857849121,302.0139258720802,755.842566209605,8,232.15039184149424,784.7423673431463,,,,,,,,,False
IMG_2857_dish0.mp4,29929,998.0991129193624,542.3872756958008,546.6892700195312,473.4480857849121,341.14109628434716,716.7154187601551,0,379.62972647234625,926.2021602580048,397.68842050877714,1101.5219815283544,394.67863816937194,1024.7725318735231,1.7222982087631713,1.7428686409565475,1.1785989474405045,6.434675859176181,True
IMG_2857_dish0.mp4,29929,998.0991129193624,542.3872756958008,546.6892700195312,473.4480857849121,341.14109628434716,716.7154187601551,1,380.3821720571976,732.8236449512242,621.9172047944603,673.3804437479723,508.29792148191615,710.2502774056854,-2.966920454581552,-3.10293482156157,7.793049181098589,7.970438607381586,True
IMG_2857_dish0.mp4,29929,998.0991129193624,542.3872756958008,546.6892700195312,473.4480857849121,341.14109628434716,716.7154187601551,2,361.5710324359154,909.6483573912764,421.7666792240182,854.7198296971326,389.41151907541297,894.5994456942508,-2.6460409801039684,1.8357743415221526,103.21089751375567,22.5538436325908,False
IMG_2857_dish0.mp4,29929,998.0991129193624,542.3872756958008,546.6892700195312,473.4480857849121,341.14109628434716,716.7154187601551,3,301.3753856478125,847.1953738486197,299.1180488932586,625.2239263174902,327.7109811176075,774.9605977028962,-1.9204034505852978,1.3441780977904747,172.95325540178482,30.841768999367872,False
IMG_2857_dish0.mp4,29929,998.0991129193624,542.3872756958008,546.6892700195312,473.4480857849121,341.14109628434716,716.7154187601551,4,293.85092979929965,777.9703800423013,231.3979462566429,667.3608790691621,372.8577162086846,705.7356038965779,-2.400940721646961,-2.808320622637377,23.341148985208168,122.38604332920993,False
IMG_2857_dish0.mp4,29929,998.0991129193624,542.3872756958008,546.6892700195312,473.4480857849121,341.14109628434716,716.7154187601551,5,207.31968754140172,866.0065134699018,201.30012286259145,680.9048995964854,220.11126248387365,766.683696269532,-1.6988791698699375,0.3915424876894214,119.77233838089312,19.707667862161795,True
IMG_2857_dish0.mp4,29929,998.0991129193624,542.3872756958008,546.6892700195312,473.4480857849121,341.14109628434716,716.7154187601551,6,206.5672419565505,823.1171151333785,53.82078823173936,685.4195731055931,123.04578203805768,733.5760905360755,-0.8201667552535301,0.07715526453168184,51.41276459784721,12.167604416009578,True
IMG_2857_dish0.mp4,43897,1463.9164943640365,542.3872756958008,546.6892700195312,473.4480857849121,327.597075757024,720.4776466844116,0,261.49576965069434,878.0456428275224,395.43108375422327,1109.7988829617186,319.4340796842434,972.1013409339332,2.122897538655718,1.5383664150396668,33.491166377239516,2.7382113878320364,True
IMG_2857_dish0.mp4,43897,1463.9164943640365,542.3872756958008,546.6892700195312,473.4480857849121,327.597075757024,720.4776466844116,1,202.80501403229405,892.3421089396968,414.9946689603567,866.0065134699018,311.1571782508792,884.817653091184,-3.0722595199015847,1.4710921475927166,99.68512460885161,6.2958098572595675,True
IMG_2857_dish0.mp4,43897,1463.9164943640365,542.3872756958008,546.6892700195312,473.4480857849121,327.597075757024,720.4776466844116,2,180.98409207160677,838.9184724152556,52.89733185397856,689.3252398854363,121.44325188077374,764.9377496057157,-0.8931259299319132,0.2124114065319322,63.34262347351278,3.3659761070072034,True
IMG_2857_dish0.mp4,43897,1463.9164943640365,542.3872756958008,546.6892700195312,473.4480857849121,327.597075757024,720.4776466844116,3,151.82958756275508,873.7632308853697,125.68320569686416,763.5244316670189,112.96334424859288,823.5904440616332,-0.9117062804606869,0.44785544240046077,77.89714870747865,49.719662217181245,False
IMG_2857_dish0.mp4,43897,1463.9164943640365,542.3872756958008,546.6892700195312,473.4480857849121,327.597075757024,720.4776466844116,4,194.9357846930077,813.6972184907556,329.9076478385528,670.9521066823779,245.8152304860928,728.1914831995987,-2.1075617629390453,0.0940438801965736,126.14271150385622,25.00357300883136,False
IMG_2857_dish0.mp4,43897,1463.9164943640365,542.3872756958008,546.6892700195312,473.4480857849121,327.597075757024,720.4776466844116,5,190.69583087691728,821.4704671535881,226.0287793443375,668.1254708049844,204.12235129453697,736.6713908317795,-1.7278261027666284,0.13040599630101676,106.46885663231194,8.726093195821269,True
IMG_2857_dish0.mp4,43897,1463.9164943640365,542.3872756958008,546.6892700195312,473.4480857849121,327.597075757024,720.4776466844116,6,177.975969428646,800.9773570424843,312.24117360484274,772.0043392991997,225.32212037498903,793.9107673490003,-2.9934326328579615,0.6227027093508833,152.81070674333756,5.656851613598253,True
IMG_2857_dish0.mp4,43897,1463.9164943640365,542.3872756958008,546.6892700195312,473.4480857849121,327.597075757024,720.4776466844116,7,173.7360156125556,828.5370568470719,294.5746993711326,637.739135123003,266.3083405971965,749.3912522800508,-2.4342250340385005,0.4408018954419556,164.7269090456863,35.26405471773488,False
IMG_2857_dish0.mp4,45906,1530.914426732475,542.3872756958008,546.6892700195312,473.4480857849121,311.93473801810006,751.9204030123999,0,190.69583087691728,842.6702362340402,43.710765252449306,678.7253553452103,126.38986466621252,750.0979112493992,-0.9636656216966825,-0.00982206149210343,54.65121031545503,14.411641342231418,True
IMG_2857_dish0.mp4,45906,1530.914426732475,542.3872756958008,546.6892700195312,473.4480857849121,311.93473801810006,751.9204030123999,1,158.89617725623907,897.0829768738672,123.56322878881896,768.4710444524576,111.55002630989604,861.0433694370986,-0.6506268789197178,0.49866268528680163,65.84944146746321,60.11583444272923,False
IMG_2857_dish0.mp4,45906,1530.914426732475,542.3872756958008,546.6892700195312,473.4480857849121,311.93473801810006,751.9204030123999,2,199.8823974784465,882.2431385175507,233.8020280071699,661.0588811115003,226.0287793443375,757.8711599122316,-1.7780061843948578,0.06916011686688453,105.83483312108858,7.281707128378547,True
IMG_2857_dish0.mp4,45906,1530.914426732475,542.3872756958008,546.6892700195312,473.4480857849121,311.93473801810006,751.9204030123999,3,194.9357846930077,852.5634618049178,334.1476016546432,664.5921759582425,218.96218965085345,747.2712753720057,-1.795142997321545,-0.04996376262292878,99.99140464210166,41.47542227370915,False
IMG_2857_dish0.mp4,45906,1530.914426732475,542.3872756958008,546.6892700195312,473.4480857849121,311.93473801810006,751.9204030123999,4,206.24232820258217,833.4836696325108,293.1613814324358,652.5789734793195,250.76184327153155,750.8045702187476,-2.0647376957144776,-0.018238618089209138,117.25575992534371,4.953087237915251,True
IMG_2857_dish0.mp4,45906,1530.914426732475,542.3872756958008,546.6892700195312,473.4480857849121,311.93473801810006,751.9204030123999,5,214.01557686541457,886.483092333641,322.84105814506876,759.9911368202768,250.0551843021832,840.5502593259948,-2.236085754625433,0.9612931822023488,176.80368141574183,3.979813161753246,True
IMG_2857_dish0.mp4,45906,1530.914426732475,542.3872756958008,546.6892700195312,473.4480857849121,311.93473801810006,751.9204030123999,6,228.14875625238267,902.7362486286544,411.1734293136192,861.0433694370986,346.1608041335661,880.1231616095056,-2.952270736074444,1.8316802586547631,85.89979860460448,5.508470258063942,True
IMG_2857_dish0.mp4,45906,1530.914426732475,542.3872756958008,546.6892700195312,473.4480857849121,311.93473801810006,751.9204030123999,7,259.24175090371244,880.1231616095056,406.2268165281805,1083.6409447818455,323.5477171144172,963.5089199926172,2.2277194483282727,1.6256260480338953,34.49741070954865,3.1018014995980763,True
IMG_2857_dish0.mp4,30227,1008.0370839725203,542.3872756958008,546.6892700195312,473.4480857849121,357.1609120563979,708.8142058821473,0,341.9208503174757,899.2029537819124,391.386978171864,1106.2540318009949,399.8668858040448,988.2419839198112,2.147729271812357,1.7224564344252657,24.366338723833696,37.16582077282842,False
IMG_2857_dish0.mp4,30227,1008.0370839725203,542.3872756958008,546.6892700195312,473.4480857849121,357.1609120563979,708.8142058821473,1,319.30776329832673,909.09617935279,426.7199266392842,853.2701207742662,370.8938680607602,879.416502640157,-2.6195010397615044,1.6511200329269051,115.31143663532178,4.817395528842948,True
IMG_2857_dish0.mp4,30227,1008.0370839725203,542.3872756958008,546.6892700195312,473.4480857849121,357.1609120563979,708.8142058821473,2,491.0259036327489,835.6036465405559,626.7044257476425,675.1920604984684,529.8921469469112,727.4848242302503,-1.9158889444467235,3.033920114216952,76.39683154294846,41.85212761139348,False
IMG_2857_dish0.mp4,30227,1008.0370839725203,542.3872756958008,546.6892700195312,473.4480857849121,357.1609120563979,708.8142058821473,3,291.7480628198165,795.3240745049477,230.97539145585375,664.5921651754916,335.56091891941753,694.271841888127,-1.9799003880823967,-0.5925518296520744,79.48921711161636,97.59685397574685,False
IMG_2857_dish0.mp4,30227,1008.0370839725203,542.3872756958008,546.6892700195312,473.4480857849121,357.1609120563979,708.8142058821473,4,252.1751605363059,832.776999880412,327.78767025658505,685.0852752865976,310.82785499222337,742.3246518038179,-2.1460723447510226,0.6261610514140855,158.83727342547945,16.456526502223067,True
IMG_2857_dish0.mp4,30227,1008.0370839725203,542.3872756958008,546.6892700195312,473.4480857849121,357.1609120563979,708.8142058821473,5,238.0419811493378,860.3366996849993,298.1079935439521,644.8057140337378,310.121196022875,781.1908951179801,-2.309499486149027,0.9944709541387504,170.69643813552997,47.358360300171626,False
IMG_2857_dish0.mp4,30227,1008.0370839725203,542.3872756958008,546.6892700195312,473.4480857849121,357.1609120563979,708.8142058821473,6,222.49548382367297,797.444051412991,48.657377363965594,681.5519804398484,129.92315883903206,733.138085202284,-0.6071307050982315,0.10663550548391255,40.89579142540283,2.3793569710325833,True
IMG_2857_dish0.mp4,30227,1008.0370839725203,542.3872756958008,546.6892700195312,473.4480857849121,357.1609120563979,708.8142058821473,7,180.0959456627687,827.1237281256228,181.50926360146553,676.6053676544129,202.7090326819176,779.7775771792806,-2.016373613769484,0.43068713487277793,140.20625310932522,37.14118441442175,False
IMG_2857_dish0.mp4,35054,1169.0122056959915,542.3872756958008,546.6892700195312,473.4480857849121,312.0294757878718,711.222090598855,0,246.5140334163334,863.7986735238101,394.6098826901196,1109.4635529073848,316.20619778046813,984.0176570519424,2.096163200610213,1.5861059438914658,29.224128120004977,1.9040786424837517,True
IMG_2857_dish0.mp4,35054,1169.0122056959915,542.3872756958008,546.6892700195312,473.4480857849121,312.0294757878718,711.222090598855,1,206.44103890695595,920.4235570696696,425.10020459942865,862.0563694147068,301.3966128530895,889.9332351603607,-2.83089137327252,1.5113689030585777,111.20681261891748,5.10228756189348,True
IMG_2857_dish0.mp4,35054,1169.0122056959915,542.3872756958008,546.6892700195312,473.4480857849121,312.0294757878718,711.222090598855,2,173.33726415717342,809.7872527879686,381.5426051950258,740.0950884238339,248.2563408486182,776.6834747150046,-2.725528147865971,0.798460874224811,158.0903019837639,8.488603690747247,True
IMG_2857_dish0.mp4,35054,1169.0122056959915,542.3872756958008,546.6892700195312,473.4480857849121,312.0294757878718,711.222090598855,3,237.80251619399797,837.6641185336225,292.68509563075406,638.170298041287,262.19477372144513,767.1008021149362,-1.9036165397216462,0.8425095228012498,157.34143339344078,5.763957031257062,True
IMG_2857_dish0.mp4,35054,1169.0122056959915,542.3872756958008,546.6892700195312,473.4480857849121,312.0294757878718,711.222090598855,4,215.1525627756542,798.4622760787968,335.37154630378654,663.4337076232857,265.6793819396519,745.3220007511441,-2.3309897448654033,0.6342881613972569,169.89790911223974,3.155970135327488,True
IMG_2857_dish0.mp4,35054,1169.0122056959915,542.3872756958008,546.6892700195312,473.4480857849121,312.0294757878718,711.222090598855,5,215.1525627756542,803.689188406107,231.7044518121362,671.2740761142509,268.2928381033069,751.4200651330059,-2.364458764851996,0.7432633551637414,178.05936137635044,70.01123653531268,False
IMG_2857_dish0.mp4,35054,1169.0122056959915,542.3872756958008,546.6892700195312,473.4480857849121,312.0294757878718,711.222090598855,6,150.68731073882964,846.3756390791393,182.9199367572419,681.7279007688712,112.35662033855556,794.9776678605899,-0.9300126026173893,0.3971722881821837,76.04209287634657,68.64028411779584,False
IMG_2857_dish0.mp4,35054,1169.0122056959915,542.3872756958008,546.6892700195312,473.4480857849121,312.0294757878718,711.222090598855,7,180.30648059358683,797.5911240242451,59.21634501090284,688.6971172052845,128.9085093750375,750.548913078454,-0.7411792190017977,0.21154551920601414,54.58710653701388,0.8773860669612772,True
IMG_2857_dish0.mp4,29347,978.6900553591676,542.3872756958008,546.6892700195312,473.4480857849121,349.48900084086875,722.5470673080266,0,371.95992927177593,916.0677967969108,432.069421035842,849.8602406509829,391.99642652646463,899.515907760429,-2.451146196535105,1.806527789647019,116.05325004912271,11.536193575601652,True
IMG_2857_dish0.mp4,29347,978.6900553591676,542.3872756958008,546.6892700195312,473.4480857849121,349.48900084086875,722.5470673080266,1,202.0852786341976,825.467983123536,183.79108548861225,688.6971105589216,193.37375808868077,754.9046667048494,-1.447961087917002,0.204373572162801,94.67180236575622,1.1976785610248653,True
IMG_2857_dish0.mp4,29347,978.6900553591676,542.3872756958008,546.6892700195312,473.4480857849121,349.48900084086875,722.5470673080266,2,174.2084128885437,784.5238365596067,36.56638826937771,685.212502340715,124.55274577909772,740.0950817774708,-0.7298996581517317,0.07785558805900905,46.280966487426134,9.86580694308449,True
IMG_2857_dish0.mp4,29347,978.6900553591676,542.3872756958008,546.6892700195312,473.4480857849121,349.48900084086875,722.5470673080266,3,370.21762516267256,686.0836543952664,132.39311427006288,573.7050393580994,239.54481697991997,635.5568352312689,-0.36895954620585547,-0.6693653978789178,17.211987441899492,8.855254808482162,True
IMG_2857_dish0.mp4,29347,978.6900553591676,542.3872756958008,546.6892700195312,473.4480857849121,349.48900084086875,722.5470673080266,4,320.5619580532266,799.3334214869853,282.2312676529525,622.4895544129936,291.81394025302103,713.0893680863687,-1.2490457723982542,-0.16253590082370162,62.25243004052295,12.39726630149915,True
IMG_2857_dish0.mp4,29347,978.6900553591676,542.3872756958008,546.6892700195312,473.4480857849121,349.48900084086875,722.5470673080266,5,385.02721009005114,751.4200584866426,628.9497853645225,679.1144379588536,540.0922758002507,715.7028242500244,-2.915204146095565,-3.1056997568869,10.91459451411026,9.409029042274511,True
IMG_2857_dish0.mp4,29347,978.6900553591676,542.3872756958008,546.6892700195312,473.4480857849121,349.48900084086875,722.5470673080266,6,395.4810347446714,919.5524050151182,394.6098826901197,1089.4270556526965,427.7136607630836,1000.5695460884248,1.9494474184663735,1.845066562528479,5.980582507204424,42.1279381401955,False
IMG_2857_dish0.mp4,39380,1313.279530447542,542.3872756958008,546.6892700195312,473.4480857849121,,,0,192.5026060341291,889.9332351603609,420.74444432667013,855.9583050328454,292.6850923075727,887.319778996706,-3.115511612299042,,,12.266451520524758,True
IMG_2857_dish0.mp4,39380,1313.279530447542,542.3872756958008,546.6892700195312,473.4480857849121,,,1,244.77172930723015,859.442913251052,401.5790991265332,1088.5559035981448,318.8196539441232,990.9868734883562,2.083500153646677,,,10.929320301935823,True
IMG_2857_dish0.mp4,39380,1313.279530447542,542.3872756958008,546.6892700195312,473.4480857849121,,,22,223.5171461898049,876.319120477373,322.68521471389016,671.6774993033935,258.48392179656327,794.9210526714764,-1.9765377305475955,,,4.269099671465131,True
IMG_2857_dish0.mp4,39380,1313.279530447542,542.3872756958008,546.6892700195312,473.4480857849121,,,23,212.6258554270441,857.4026680999464,222.9439203601858,665.3720151775847,299.1829556995115,767.4062128497649,-2.3367164343758167,,,80.65074464845765,False
IMG_2857_dish0.mp4,39380,1313.279530447542,542.3872756958008,546.6892700195312,473.4480857849121,,,24,267.08230924084813,818.9965375154741,292.30424574408363,641.8697561632059,293.4506974033216,739.3181471984344,-1.8903870573361317,,,18.985236929500015,True
IMG_2857_dish0.mp4,39380,1313.279530447542,542.3872756958008,546.6892700195312,473.4480857849121,,,25,162.1819824205729,804.0926659453803,323.83166637312814,776.5778261236687,256.7642443077063,786.8958910568106,-2.9617391537973146,,,1.5586842062108222,True
IMG_2857_dish0.mp4,39380,1313.279530447542,542.3872756958008,546.6892700195312,473.4480857849121,,,26,124.3490776657195,835.6200865744247,190.27004807190343,691.1671775104392,147.2781108504791,749.6362121315763,-1.8313987185422376,,,21.39540877398269,False
IMG_2857_dish0.mp4,39380,1313.279530447542,542.3872756958008,546.6892700195312,473.4480857849121,,,27,185.1110156053325,829.3146024486159,60.14778474839258,692.3136291696771,114.03101273257766,754.222018768528,-0.812842251618892,,,2.392224295182643,True
IMG_2857_dish0.mp4,2211,73.73440939104916,501.3457756042481,631.4202194213867,473.44811820983887,,,0,616.009283532599,580.3485336155578,712.6555502712858,744.5147949251082,694.1206498008528,687.586172051635,2.2003262887940225,,,18.035124332451222,True
IMG_2857_dish0.mp4,2211,73.73440939104916,501.3457756042481,631.4202194213867,473.44811820983887,,,1,716.6273146578071,601.5312770103385,618.6571264569466,547.250497061213,678.2335922547672,564.4614760694724,-0.7678561033400463,,,27.881495761656467,False
IMG_2857_dish0.mp4,2211,73.73440939104916,501.3457756042481,631.4202194213867,473.44811820983887,,,2,488.9128231639148,1207.8873066859358,254.57872435915337,1170.8175057450696,369.7598915682734,1205.2394637615882,-0.022218565326718454,,,15.365775650369589,True
IMG_2857_dish0.mp4,2211,73.73440939104916,501.3457756042481,631.4202194213867,473.44811820983887,,,3,176.4673580908996,1082.1147677794254,46.72305479786789,1002.6794800489976,112.91912790655752,1059.6081029224708,-0.3403819386419079,,,21.193082532829855,False
IMG_2857_dish0.mp4,2211,73.73440939104916,501.3457756042481,631.4202194213867,473.44811820983887,,,4,55.99050503308442,651.8402925729426,69.22971965482233,511.5046175825205,40.1034474869989,563.1375546072984,-1.3935709418451774,,,39.58172298339,False
IMG_2857_dish0.mp4,2211,73.73440939104916,501.3457756042481,631.4202194213867,473.44811820983887,,,5,-7.557725151257642,544.6026541368653,45.399133335694074,674.346957429897,18.920704092218216,633.3053921025095,1.8608832591159248,,,16.207784877520535,True
IMG_2857_dish0.mp4,2211,73.73440939104916,501.3457756042481,631.4202194213867,473.44811820983887,,,6,-71.10595533559973,764.373616857715,-15.501253924300414,577.7006906912102,-39.33184024342867,684.9383291272875,-1.9513027039072621,,,9.272601777200355,True
IMG_2857_dish0.mp4,52402,1747.548856132862,553.6581230163574,573.0719184875488,473.4481506347656,300.5325471674921,813.1571561362922,0,208.74420298062392,972.1957450948556,412.5937837457179,861.5594341667918,325.4785782905495,930.3804464763748,-2.7976235338664317,1.7804762076033047,97.6942066238508,18.60075672446896,True
IMG_2857_dish0.mp4,52402,1747.548856132862,553.6581230163574,573.0719184875488,473.4481506347656,300.5325471674921,813.1571561362922,1,185.22309750772845,880.7247793669287,388.20152621827066,1105.482009441263,321.1228180177911,1012.2687396042328,2.3724796953356915,1.673840770222529,40.02906181254058,10.193295054390033,True
IMG_2857_dish0.mp4,52402,1747.548856132862,553.6581230163574,573.0719184875488,473.4481506347656,300.5325471674921,813.1571561362922,2,199.1615303805554,942.5765752400982,321.99397007234273,777.9288369298301,281.92097556296534,885.0805396396872,-2.534407750887167,1.317581281646878,139.2972857051181,34.70588821511491,False
IMG_2857_dish0.mp4,52402,1747.548856132862,553.6581230163574,573.0719184875488,473.4481506347656,300.5325471674921,813.1571561362922,3,194.80577010779697,902.5035807307208,290.63249610848214,641.1579643652157,238.3633728353811,805.8057026754839,-1.9940247847455304,-0.117702597350072,107.50534234451452,6.636626567477504,True
IMG_2857_dish0.mp4,52402,1747.548856132862,553.6581230163574,573.0719184875488,473.4481506347656,300.5325471674921,813.1571561362922,4,152.99047148931612,915.5708615489962,210.48650708972724,761.3769478933482,184.35194545317677,842.3940889666546,-1.97568811307998,0.2465316836464878,127.32381550284632,5.319893917806847,True
IMG_2857_dish0.mp4,52402,1747.548856132862,553.6581230163574,573.0719184875488,473.4481506347656,300.5325471674921,813.1571561362922,5,131.21167012552405,929.5092944218228,126.85590985276563,779.6711410389335,115.53093314359376,870.2709547123086,-1.312025434831198,0.2994379659650417,92.33005170542316,21.951496319257508,False
IMG_2857_dish0.mp4,52402,1747.548856132862,553.6581230163574,573.0719184875488,473.4481506347656,300.5325471674921,813.1571561362922,6,134.6962783437308,897.2766684034107,57.16374548863095,688.2001753110067,108.56171670718028,791.8672698026571,-1.3277631865052175,-0.11045033278517727,69.74688886518446,12.447363603135473,True
IMG_2857_dish0.mp4,1813,60.46154872273728,497.8562755584717,647.9019088745117,480.9629487991333,,,0,30.970695860136686,1002.8641895250844,180.80884924302623,690.9917539955816,88.46673146054778,817.3088019055756,-1.8712734951674772,,,18.952017761240043,True
IMG_2857_dish0.mp4,1813,60.46154872273728,497.8562755584717,647.9019088745117,480.9629487991333,,,1,550.1773170497588,1181.4503341227276,263.5682911022548,1169.2542053590043,389.0141869576973,1210.1983519229334,0.17652176533321276,,,28.19005944236506,False
IMG_2857_dish0.mp4,1813,60.46154872273728,497.8562755584717,647.9019088745117,480.9629487991333,,,2,619.8694581516238,577.742000196588,706.1135115522404,737.1628261795461,673.8808855338282,661.3725974335496,2.144236852949726,,,9.816285970529536,True
IMG_2857_dish0.mp4,1813,60.46154872273728,497.8562755584717,647.9019088745117,480.9629487991333,,,3,735.7326814069977,600.3919536149318,613.771393769762,546.3805262327274,686.9481663521035,572.515087869278,-0.5191461142465232,,,10.091057238888933,True
IMG_2857_dish0.mp4,1813,60.46154872273728,497.8562755584717,647.9019088745117,480.9629487991333,,,4,-13.458060583589884,694.4763755065137,60.58986405330322,521.1171166507286,4.83613256199547,626.5265152514824,-1.833791058475816,,,12.807022227035269,True
IMG_2857_dish0.mp4,1813,60.46154872273728,497.8562755584717,647.9019088745117,480.9629487991333,,,5,2.222676398340411,525.472876923487,27.486085980339222,674.4398782518251,3.964980507443784,591.6804330694149,1.5971060440478189,,,14.358272043998785,True
IMG_2857_dish0.mp4,1813,60.46154872273728,497.8562755584717,647.9019088745117,480.9629487991333,,,6,-9.10230031083148,543.7670700690724,-68.34064002034597,740.6474343977529,-44.8195345474505,636.1091878515508,1.2017273594274243,,,8.465710687587848,True
PXL_20260602_183730315.TS_dish1.mp4,5360,182.04666644024044,746.9999694824219,645.0,352.6799774169922,744.73657574553,654.5944738916551,0,648.6295922474046,953.734708145824,700.3450522220551,961.2765460587938,678.2582411912148,957.5056271023088,3.0150005263098247,1.3547565747654151,95.12497138561704,2.4355919476416843,True
PXL_20260602_183730315.TS_dish1.mp4,5360,182.04666644024044,746.9999694824219,645.0,352.6799774169922,744.73657574553,654.5944738916551,1,490.2509960750376,861.6165450659778,441.7677523488029,768.9596792780624,459.54494171508895,809.3623823832581,-1.0395229129530823,0.4972061888161872,88.04809178630912,6.6902298877764785,True
PXL_20260602_183730315.TS_dish1.mp4,5360,182.04666644024044,746.9999694824219,645.0,352.6799774169922,744.73657574553,654.5944738916551,4,505.8733746090466,415.5707027846177,468.7028877522666,458.6669194301596,486.4800771185527,443.0445408961507,0.9561333748727299,-0.6863071520761467,94.10491029541356,13.47379301825861,True
PXL_20260602_183730315.TS_dish1.mp4,5360,182.04666644024044,746.9999694824219,645.0,352.6799774169922,744.73657574553,654.5944738916551,5,875.4234323445694,336.3814046984341,814.5500263327414,319.68162074828655,843.6399725684822,326.14605324511786,-0.3115468269026889,-1.8632831421475216,88.90794178071074,5.321510593065376,True
PXL_20260602_183730315.TS_dish1.mp4,81569,2770.4038311313384,597.0,594.6000366210938,352.20001220703125,600.3975699060418,599.6069242175082,0,384.96016425517064,574.96298331305,276.6809199332463,662.7715247283418,305.23216346091795,609.4399566294835,0.4081491037550881,0.03330131870788962,21.477196043031576,38.45225156846264,False
PXL_20260602_183730315.TS_dish1.mp4,81569,2770.4038311313384,597.0,594.6000366210938,352.20001220703125,600.3975699060418,599.6069242175082,1,916.6597371195456,588.430551014782,878.9505475546963,678.9326059704202,902.1147640016752,648.2265516104716,1.3321870042866957,2.981823077091724,94.51718470426393,23.35908247348292,False
PXL_20260602_183730315.TS_dish1.mp4,81569,2770.4038311313384,597.0,594.6000366210938,352.20001220703125,600.3975699060418,599.6069242175082,3,744.9562792338454,301.7047046249039,741.6357806948301,300.37650520929776,742.2998804026331,301.7047046249039,-0.0,-2.015336230917876,115.47026033139701,63.434948822925925,False
PXL_20260602_183730315.TS_dish1.mp4,81569,2770.4038311313384,597.0,594.6000366210938,352.20001220703125,600.3975699060418,599.6069242175082,4,933.5605962499136,581.9547813177941,924.2632003406708,666.9595439165854,928.9118982952924,625.7853620327958,1.4651307446950455,3.0620733326681497,91.49807041555805,0.38740820522079367,True
PXL_20260602_183730315.TS_dish1.mp4,27970,949.97113065924,679.1303405761719,607.0440063476562,352.19996643066406,678.3799367519937,610.3917196323739,0,771.447643773499,420.8578530433361,765.6404462424174,281.48511229737954,771.447643773499,329.6018918406265,-1.5707963267948966,-1.890850663399701,18.337762702314702,6.881723630636971,True
PXL_20260602_183730315.TS_dish1.mp4,27970,949.97113065924,679.1303405761719,607.0440063476562,352.19996643066406,678.3799367519937,610.3917196323739,1,449.404662542178,364.7615873365439,414.422767295292,408.1568497947063,431.24950171784474,389.5588801697796,0.9388220849762935,-0.7292613531742991,95.57414088170064,5.928137956702273,True
PXL_20260602_183730315.TS_dish1.mp4,27970,949.97113065924,679.1303405761719,607.0440063476562,352.19996643066406,678.3799367519937,610.3917196323739,2,411.3112315812497,805.7094562985126,370.369935036839,718.9139076243621,391.6594092399326,749.4834090441886,-1.2345540333327547,0.45166676983848775,96.6133353488721,15.589191256923735,True
PXL_20260602_183730315.TS_dish1.mp4,27970,949.97113065924,679.1303405761719,607.0440063476562,352.19996643066406,678.3799367519937,610.3917196323739,3,558.6998991411281,904.5144519590236,620.3847859347068,918.707434761086,589.8152845148802,911.0650594061292,2.934096427154595,1.2843429620477407,94.5239107877059,2.147585428299052,True
PXL_20260602_183730315.TS_dish1.mp4,145669,4947.491763746901,550.5314331054688,570.4815521240234,352.1998977661133,546.4812355653951,579.4359020069478,0,388.64985819122376,544.5779848793995,301.16602577154094,629.3700070707844,361.0588033511699,600.4330471165815,1.1119795980880653,0.11275916848708926,57.251113419384936,37.924409692285245,False
PXL_20260602_183730315.TS_dish1.mp4,145669,4947.491763746901,550.5314331054688,570.4815521240234,352.1998977661133,546.4812355653951,579.4359020069478,1,879.2322722985215,582.2633280755706,864.4273160428829,673.7848758377003,871.8297941707021,630.0429596278589,1.417088797736417,2.987282034904762,89.96544550973049,0.7984114605775005,True
PXL_20260602_183730315.TS_dish1.mp4,145669,4947.491763746901,550.5314331054688,570.4815521240234,352.1998977661133,546.4812355653951,579.4359020069478,2,561.5986653593657,617.9298136005182,701.5727972308581,635.4265800844547,637.6423043087823,629.3700070707844,2.9922699928960963,2.6404732179329025,20.156470451704593,3.1436890910958337,True
PXL_20260602_183730315.TS_dish1.mp4,145669,4947.491763746901,550.5314331054688,570.4815521240234,352.1998977661133,546.4812355653951,579.4359020069478,3,538.0453258617588,627.3511493995609,614.7619173682499,666.3823977098809,572.3659062725574,652.9233465683913,2.5012361885189494,1.9094586773698392,33.90635379960003,19.07714498955205,True
PXL_20260602_183730315.TS_dish1.mp4,80375,2729.8508983459565,593.3979797363281,603.2616424560547,352.20003509521484,600.6944623490119,603.3905836090111,0,284.2555667385297,538.5929212896713,274.1612783824125,660.3973341201527,277.5260411677849,601.1775090975982,1.4636810034426657,-0.006847946063668212,84.25510245851947,2.885310348898048,True
PXL_20260602_183730315.TS_dish1.mp4,80375,2729.8508983459565,593.3979797363281,603.2616424560547,352.20003509521484,600.6944623490119,603.3905836090111,1,900.6801295556381,611.9447500107899,877.7997426151057,678.5670531611638,892.6046988707443,642.2276150791417,1.3101939350475553,3.009324987531874,97.35303814697303,7.234928643944798,True
PXL_20260602_183730315.TS_dish1.mp4,80375,2729.8508983459565,593.3979797363281,603.2616424560547,352.20003509521484,600.6944623490119,603.3905836090111,2,896.6424142131912,721.6360168139306,897.3153667702657,723.6548744851541,658.7525352219564,268.5097337601796,-1.087351781225316,-1.7424593541558782,37.53489905597999,179.96180135740155,False
PXL_20260602_183730315.TS_dish1.mp4,80375,2729.8508983459565,593.3979797363281,603.2616424560547,352.20003509521484,600.6944623490119,603.3905836090111,3,728.7396011577025,288.69831047241405,691.0542579615316,275.9122118879989,,,,,,,False
PXL_20260602_183730315.TS_dish1.mp4,12007,407.80491118432224,751.9311218261719,648.3350677490234,352.1998519897461,741.7264023895632,653.1665624468527,0,488.158504154719,865.818375942009,439.2121249641748,775.3920143865967,464.929714030393,811.8943988676805,-1.1640492550689268,0.5206653043275313,96.5270339376591,11.861545496589878,True
PXL_20260602_183730315.TS_dish1.mp4,12007,407.80491118432224,751.9311218261719,648.3350677490234,352.1998519897461,741.7264023895632,653.1665624468527,1,646.6120367885148,957.0743371447186,696.3880156263565,958.7335364393134,668.1816276182462,957.903936792016,3.1031500635686027,1.333986396513853,101.36561139012514,0.5179138438695622,True
PXL_20260602_183730315.TS_dish1.mp4,12007,407.80491118432224,751.9311218261719,648.3350677490234,352.1998519897461,741.7264023895632,653.1665624468527,2,504.7504971006664,418.6641787074177,469.0777122668799,460.14416107228567,482.3513066236377,445.2113674209332,0.8699419189104463,-0.6758099492223273,88.56505821847051,1.4775397116508897,True
PXL_20260602_183730315.TS_dish1.mp4,12007,407.80491118432224,751.9311218261719,648.3350677490234,352.1998519897461,741.7264023895632,653.1665624468527,3,875.5815394425867,338.19301291957373,815.8503648371767,319.11222103173446,841.5679539033949,329.06741679930275,-0.2621198412654731,-1.869629900143511,92.10354189853805,6.142899185677462,True
PXL_20260602_183730315.TS_dish1.mp4,49125,1668.478076282987,593.670051574707,587.2193908691406,352.1996879577637,598.2056634071199,605.0497829036058,0,483.3092780059089,482.83385573488914,455.1028899977986,393.2370938267742,495.7532727153693,433.0578768970475,-1.8157749899217608,-1.0335582699359267,44.817716719754806,59.62690068257315,False
PXL_20260602_183730315.TS_dish1.mp4,49125,1668.478076282987,593.670051574707,587.2193908691406,352.1996879577637,598.2056634071199,605.0497829036058,1,437.681297404554,617.2289985970616,338.1293397288707,705.1665612105818,382.09812103563087,665.3457781403085,0.7135221938411137,0.27208971008226346,25.29221825935937,1.284078687682195,True
PXL_20260602_183730315.TS_dish1.mp4,49125,1668.478076282987,593.670051574707,587.2193908691406,352.1996879577637,598.2056634071199,605.0497829036058,2,502.39006989374815,849.5168998403226,431.8740998734725,846.1985012511332,459.2508882342854,846.1985012511332,-0.07677189126977774,1.048045479044614,64.44728804201846,4.398705354995524,True
PXL_20260602_183730315.TS_dish1.mp4,49125,1668.478076282987,593.670051574707,587.2193908691406,352.1996879577637,598.2056634071199,605.0497829036058,3,795.2387453897164,330.18752063217477,688.2203908883569,271.2859456740622,735.5075707843065,293.6851361510909,-0.5485494024505284,-1.9861140701153162,82.36638823431913,6.083389672891908,True
PXL_20260602_183730315.TS_dish1.mp4,122084,4146.452467479537,543.8941192626953,569.7978744506836,352.1997489929199,554.2368821003598,574.3545959536034,0,586.1796342707815,588.1930109416539,710.6195813653857,641.287388368685,651.718006407273,622.2065964808457,2.662870809594027,2.6852637729123288,1.2830222889299454,9.47933822876376,True
PXL_20260602_183730315.TS_dish1.mp4,122084,4146.452467479537,543.8941192626953,569.7978744506836,352.1997489929199,554.2368821003598,574.3545959536034,1,700.6643855978173,275.433943910549,749.6107647883616,302.81073227136187,727.2115743113328,296.17393509298296,2.4783896608837006,-2.1270962825344726,96.12509283531239,21.494371060749604,False
PXL_20260602_183730315.TS_dish1.mp4,122084,4146.452467479537,543.8941192626953,569.7978744506836,352.1997489929199,554.2368821003598,574.3545959536034,2,274.25016688697394,435.5466758389395,252.6805760572426,498.596249033539,253.51017570453996,473.70825961461816,1.0729739941778969,-0.32295943956705286,79.98109423479055,26.613966173315582,False
PXL_20260602_183730315.TS_dish1.mp4,122084,4146.452467479537,543.8941192626953,569.7978744506836,352.1997489929199,554.2368821003598,574.3545959536034,3,249.36217746805315,441.3538733700211,226.9629869910244,593.1706088254381,229.4517859329165,516.847441274081,1.3129317789939001,-0.17524585836151638,85.26629778621574,12.906871435612388,True
PXL_20260602_183730315.TS_dish1.mp4,130212,4422.511293006826,543.8941192626953,569.7978744506836,352.1997489929199,554.3686285984336,581.5388595700119,0,585.3110801149436,592.8621400550513,707.2953064228823,637.0711885156467,647.5312223928183,613.3292921201418,2.8237946477799003,2.812746624178449,0.6330051243240767,3.4574742527093947,True
PXL_20260602_183730315.TS_dish1.mp4,130212,4422.511293006826,543.8941192626953,569.7978744506836,352.1997489929199,554.3686285984336,581.5388595700119,1,431.3980965854638,324.3331049610655,492.799552780735,242.46449670070385,434.6728409158783,270.2998235092268,-1.631328346577004,-1.2036547758146976,24.503890613969713,60.94325759976636,False
PXL_20260602_183730315.TS_dish1.mp4,130212,4422.511293006826,543.8941192626953,569.7978744506836,352.1997489929199,554.3686285984336,581.5388595700119,2,539.464659489141,232.64026370946047,500.1677275241675,242.46449670070385,518.9975074240507,240.008438452893,0.3455555805817123,-1.4675977160027762,103.8860315045232,12.367468383352415,True
PXL_20260602_183730315.TS_dish1.mp4,130212,4422.511293006826,543.8941192626953,569.7978744506836,352.1997489929199,554.3686285984336,581.5388595700119,3,360.1724073989492,687.0110395544672,287.3093460472274,663.2691431589623,317.6007311035612,678.824178728431,-0.18998828791871672,0.3898580386946232,33.22274728110864,16.29558403081843,True
PXL_20260602_183730315.TS_dish1.mp4,437,14.84223754372856,743.3483276367188,603.2316436767578,302.0270309448242,,,0,855.8672811850652,338.39688736143364,798.2260914216527,323.3132115354939,825.1612268251165,330.3163467403945,-0.2573237149710885,,,0.16934663843195127,True
PXL_20260602_183730315.TS_dish1.mp4,437,14.84223754372856,743.3483276367188,603.2316436767578,302.0270309448242,,,1,542.342272208943,402.50249318177544,513.7910286812714,441.2890881627633,525.1037855507261,423.5118987964772,0.8836721166534574,,,6.898124951516407,True
PXL_20260602_183730315.TS_dish1.mp4,437,14.84223754372856,743.3483276367188,603.2316436767578,302.0270309448242,,,2,521.8715693023105,779.5943888302683,483.08497432132265,706.8695232409161,502.4782718118166,740.8077938492804,-1.1071487177940917,,,3.1798301198644143,True
PXL_20260602_183730315.TS_dish1.mp4,437,14.84223754372856,743.3483276367188,603.2316436767578,302.0270309448242,,,3,670.5535167294305,864.7094167052137,699.6434629651714,860.9384977487287,682.9436790150238,864.1707139971443,-3.0981417581982504,,,8.4645097213984,True
PXL_20260602_183730315.TS_dish1.mp4,107074,3636.6538735862514,545.5002136230469,566.6548080444336,353.0390968322754,546.2945775531084,578.511090428015,0,604.5590154913324,592.1421219251203,712.2995571051874,639.5479602352165,656.8131781740522,615.8450410801684,2.7157421610835524,2.8158212682209878,5.734110456412642,1.2680151095476013,True
PXL_20260602_183730315.TS_dish1.mp4,107074,3636.6538735862514,545.5002136230469,566.6548080444336,353.0390968322754,546.2945775531084,578.511090428015,1,232.7873651188492,539.9523158704671,308.9251708009855,447.44078853625865,278.63378574465173,485.9190344186285,-2.274410109574349,-0.333044921169563,111.23203178921415,2.1030747349360515,True
PXL_20260602_183730315.TS_dish1.mp4,107074,3636.6538735862514,545.5002136230469,566.6548080444336,353.0390968322754,546.2945775531084,578.511090428015,2,270.44692491861554,618.5461798004143,277.8150996620481,538.3149437052599,275.35904141423725,577.6118756702335,-1.6902252528132358,-0.003318912937453907,96.6526137087435,3.2664390376336367,True
PXL_20260602_183730315.TS_dish1.mp4,107074,3636.6538735862514,545.5002136230469,566.6548080444336,353.0390968322754,546.2945775531084,578.511090428015,3,707.6252992750254,277.1540771086275,751.8343477356207,305.8080899997541,732.1858817531339,295.1651709259071,2.5088438185876094,-2.1514183342231856,92.98664721939035,7.810909113081471,True
PXL_20260602_183730315.TS_dish1.mp4,100909,3427.2662432496686,545.5002136230469,566.6548080444336,353.0390968322754,549.3223466951054,577.5018340473493,0,726.4550791749085,630.8264647933895,796.8620822788195,684.859746245228,755.1090920660351,660.2991637671196,2.3421109143694876,2.7590661029914747,23.889772554121024,15.341384535642266,True
PXL_20260602_183730315.TS_dish1.mp4,100909,3427.2662432496686,545.5002136230469,566.6548080444336,353.0390968322754,549.3223466951054,577.5018340473493,1,809.1423735178737,404.86910599479154,863.1756549697124,470.3639926030808,835.3403281611894,430.2483745555037,2.372066173184134,-2.6661437540886053,71.33183486635863,11.153467895657672,True
PXL_20260602_183730315.TS_dish1.mp4,100909,3427.2662432496686,545.5002136230469,566.6548080444336,353.0390968322754,549.3223466951054,577.5018340473493,2,500.49772037631067,307.4454621649613,377.6948079857683,319.72575340401556,440.7336363462467,309.08283433016857,0.027390408474862665,-1.1863743278638181,69.54359671401556,8.013589918783577,True
PXL_20260602_183730315.TS_dish1.mp4,100909,3427.2662432496686,545.5002136230469,566.6548080444336,353.0390968322754,549.3223466951054,577.5018340473493,3,360.5024002510923,343.46764979952036,418.62911211594906,272.24196061300586,374.42006365535383,300.07728742152875,-1.8811837339272497,-1.0082875641131974,50.01326648348002,40.02037762259416,False
PXL_20260602_183730315.TS_dish1.mp4,62908,2136.602927690792,592.7793350219727,594.0269622802734,353.0391426086426,590.7018583023969,607.7795254673188,0,486.0186748295917,420.93556887744177,522.6504589783024,469.95751531174585,492.483107326423,468.3414071875381,1.7063240407803972,-0.9571304384920977,152.60470058752838,79.16834848044891,False
PXL_20260602_183730315.TS_dish1.mp4,62908,2136.602927690792,592.7793350219727,594.0269622802734,353.0391426086426,590.7018583023969,607.7795254673188,1,415.44862007251663,415.00983908867977,353.49780864454993,452.719028653529,376.1233223834595,422.0129742935803,0.17623469773667508,-0.7135541543297862,50.981145881198586,43.51814380008886,False
PXL_20260602_183730315.TS_dish1.mp4,62908,2136.602927690792,592.7793350219727,594.0269622802734,353.0391426086426,590.7018583023969,607.7795254673188,2,807.6241915469492,328.2787030895264,728.4348934607657,289.49210810853856,764.5279749014071,307.8080001828939,-0.443448336419738,-2.095987476334295,94.68351819728318,1.4983753469884096,True
PXL_20260602_183730315.TS_dish1.mp4,62908,2136.602927690792,592.7793350219727,594.0269622802734,353.0391426086426,590.7018583023969,607.7795254673188,3,929.3710035706056,652.5777333472302,921.8291656576356,606.7880031613417,901.3584627510032,633.1844358567364,-0.6055446636049656,3.059996115604444,149.9799837182057,93.09878946738274,False
PXL_20260602_183730315.TS_dish1.mp4,101648,3452.3655877458136,541.767692565918,576.6083221435547,353.03913497924805,551.3408594564366,587.5943978540058,0,377.53399580431847,323.9784291429099,422.6776241673781,303.8506967517368,403.41250887868387,315.0647190839618,-2.809875651786944,-1.0734998990703635,99.48700227951154,11.197253558905865,True
PXL_20260602_183730315.TS_dish1.mp4,101648,3452.3655877458136,541.767692565918,576.6083221435547,353.03913497924805,551.3408594564366,587.5943978540058,1,380.65177162910186,276.8869993907362,421.02202685572774,267.8036919647454,398.8183864810835,274.8684866294049,-3.0309354324158977,-1.1170214292214218,109.65919473403143,11.30993247402022,True
PXL_20260602_183730315.TS_dish1.mp4,101648,3452.3655877458136,541.767692565918,576.6083221435547,353.03913497924805,551.3408594564366,587.5943978540058,2,746.0025814300661,306.15543443003986,808.5764770313363,360.6552789859848,773.2525037080386,331.38684394668104,2.394637080213533,-2.284586260308655,91.90025118897216,3.153226881089385,True
PXL_20260602_183730315.TS_dish1.mp4,101648,3452.3655877458136,541.767692565918,576.6083221435547,353.03913497924805,551.3408594564366,587.5943978540058,3,693.5212496354525,568.5620934031082,769.215478185376,663.4321931856789,725.8174538167532,622.0526815783874,2.1139859030827255,2.9466067453693916,47.705660197653714,15.241457334810864,True
PXL_20260602_183730315.TS_dish1.mp4,96816,3288.251876507149,541.767692565918,576.6083221435547,353.03913497924805,554.3686285984336,574.4740649053524,0,441.2071544690407,256.7018717774232,383.6795407710988,328.3590748046842,419.0035140943965,303.12766528804303,1.1246907778514945,-1.1080574461300363,127.92704994947195,28.902357036201956,False
PXL_20260602_183730315.TS_dish1.mp4,96816,3288.251876507149,541.767692565918,576.6083221435547,353.03913497924805,554.3686285984336,574.4740649053524,1,421.02202685572774,264.77592282274844,367.5314386804485,291.01658872005527,392.7628481970896,281.93328129406444,0.5456550545269917,-1.0660959997185417,92.34653303403006,11.464855339852457,True
PXL_20260602_183730315.TS_dish1.mp4,96816,3288.251876507149,541.767692565918,576.6083221435547,353.03913497924805,554.3686285984336,574.4740649053524,2,733.8915048620784,615.9971432943935,801.5116823666767,687.6543463216543,763.1599399013821,661.4136804243476,2.143256140612948,2.7470332091869283,34.59387779606996,22.820124003536026,False
PXL_20260602_183730315.TS_dish1.mp4,96816,3288.251876507149,541.767692565918,576.6083221435547,353.03913497924805,554.3686285984336,574.4740649053524,3,839.8634248319713,584.7101954937584,860.0485524452843,654.348885759688,855.002270541956,606.9138358684027,2.169215220273434,3.034103884784782,49.554470225206416,28.21442057000125,False
PXL_20260602_183730315.TS_dish1.mp4,2637,89.56288421696158,744.5702056884766,643.7945709228516,353.03916931152344,744.3916159610792,656.1584625336932,0,506.89698454860934,413.2657684588849,474.2747533107905,460.0061644172434,491.7540934280945,438.59397277354606,1.0319468712641988,-0.7109446290063862,99.8603271147287,8.351874502505497,True
PXL_20260602_183730315.TS_dish1.mp4,2637,89.56288421696158,744.5702056884766,643.7945709228516,353.03916931152344,744.3916159610792,656.1584625336932,1,874.5516419970511,340.27268461371125,819.054737124611,320.6084269817443,845.273747300567,328.03714653159847,-0.3958504413374173,-1.8690773244427963,84.40968266715133,6.861365659524891,True
PXL_20260602_183730315.TS_dish1.mp4,2637,89.56288421696158,744.5702056884766,643.7945709228516,353.03916931152344,744.3916159610792,656.1584625336932,2,651.4551341944293,956.1199577592394,703.019187540476,958.741858776835,675.0522433527896,957.4309082680372,3.086094148344073,1.3445806907863298,99.7813710832941,0.49605496039552277,True
PXL_20260602_183730315.TS_dish1.mp4,2637,89.56288421696158,744.5702056884766,643.7945709228516,353.03916931152344,744.3916159610792,656.1584625336932,3,492.3931657983195,862.6054881316632,436.89626092587946,772.5868865275477,462.6782875989028,807.9825502650883,-1.0725713096359026,0.49430535339624826,89.7754198092843,7.523219168537512,True
PXL_20260602_183730315.TS_dish1.mp4,43053,1462.2490914648645,589.6558990478516,588.5775833129883,353.0390510559082,592.3008780018395,603.7066524320326,0,518.3286059374033,760.277793958603,531.6106000934644,784.1853834395131,520.3209050608125,807.42887321262,1.6130247289078996,1.23116323439311,21.87905199425549,151.67398278382922,False
PXL_20260602_183730315.TS_dish1.mp4,43053,1462.2490914648645,589.6558990478516,588.5775833129883,353.0390510559082,592.3008780018395,603.7066524320326,1,544.8925942495255,788.1699816863314,441.9571395400517,843.2902574339853,500.3979138267207,829.3441635701209,0.7466578657339692,1.1840096667633633,25.058412361429607,29.358509378915777,False
PXL_20260602_183730315.TS_dish1.mp4,43053,1462.2490914648645,589.6558990478516,588.5775833129883,353.0390510559082,592.3008780018395,603.7066524320326,2,518.3286059374032,434.20481716058725,411.408552981111,368.45894608808464,462.5442304819464,391.03833615338857,-0.658565882423726,-1.0229570237821435,20.878074491792294,13.908785011292908,True
PXL_20260602_183730315.TS_dish1.mp4,43053,1462.2490914648645,589.6558990478516,588.5775833129883,353.0390510559082,592.3008780018395,603.7066524320326,3,558.8386881133897,259.5465940083832,694.3150285052134,272.82858816444434,627.2409580171046,264.1952919630046,3.073735830733489,-1.6733481447377379,88.01212321131426,3.446469240583641,True
PXL_20260602_183730315.TS_dish1.mp4,149238,5068.709031009068,548.2432403564453,576.3070907592773,353.0389823913574,544.4856990400194,583.1195614901378,0,488.68669139469745,507.9591616198456,405.0101282115122,565.0717364909085,468.09960045280263,548.4692437958322,1.1006128631481598,-0.42586084372984434,87.4605009417996,48.31690909972857,False
PXL_20260602_183730315.TS_dish1.mp4,149238,5068.709031009068,548.2432403564453,576.3070907592773,353.0389823913574,544.4856990400194,583.1195614901378,1,801.4776537699374,399.71090924794726,877.8491201672889,531.2026513929526,839.3313371147117,472.7618771062835,2.048883365398469,-2.7834448605476294,83.12798743134812,5.9961440242186805,True
PXL_20260602_183730315.TS_dish1.mp4,149238,5068.709031009068,548.2432403564453,576.3070907592773,353.0389823913574,544.4856990400194,583.1195614901378,2,539.1582691877297,606.2459183746981,611.545137338263,668.6712909081855,573.0273542856858,639.450903764851,2.3660951567803354,2.0397692757199586,18.69709573064768,7.2480271369087745,True
PXL_20260602_183730315.TS_dish1.mp4,149238,5068.709031009068,548.2432403564453,576.3070907592773,353.0389823913574,544.4856990400194,583.1195614901378,3,547.1274656813664,602.2613201278798,640.1014247737944,620.8561119463654,584.3170493183377,614.8792145761379,2.814494556584001,2.4684677221469147,19.825877211517135,12.625836878907231,True
PXL_20260602_183730315.TS_dish1.mp4,44265,1503.4133749957543,590.6319961547852,591.4460983276367,353.0390167236328,594.9485180733018,597.2491508194569,0,519.5546350233249,448.5015015140162,412.4936768048382,371.15542149494615,467.55359817434567,408.73600274714966,-0.6528466311007753,-0.9765055220804213,18.54428845501855,3.0902690314113426,True
PXL_20260602_183730315.TS_dish1.mp4,44265,1503.4133749957543,590.6319961547852,591.4460983276367,353.0390167236328,594.9485180733018,597.2491508194569,1,516.0587669998641,356.2979823952378,560.6310842989892,258.85066124126826,506.88211343827953,290.31347345241534,-1.4326098303004984,-1.291381041643682,8.091813535780643,67.57425415058883,False
PXL_20260602_183730315.TS_dish1.mp4,44265,1503.4133749957543,590.6319961547852,591.4460983276367,353.0390167236328,594.9485180733018,597.2491508194569,2,408.5608252784448,777.5500792222633,519.9916185262575,807.7019409246126,466.6796311684805,798.525287363028,2.795238563728768,1.0034164498550862,102.66384476317157,10.077948170358944,True
PXL_20260602_183730315.TS_dish1.mp4,44265,1503.4133749957543,590.6319961547852,591.4460983276367,353.0390167236328,594.9485180733018,597.2491508194569,3,527.4203380761118,808.5759079304778,436.96475296906374,838.7277696328272,481.10008676525626,839.6017366386923,0.590176513166491,1.1316290573200094,31.022945586617453,34.94904500316387,False
PXL_20260602_183730315.TS_dish1.mp4,116461,3955.473287368814,547.2338943481445,567.2238540649414,353.03897857666016,546.5042118013507,580.0917923481409,0,569.7900918130553,575.2735651743718,709.0674723449146,638.8567171563076,639.4287820789849,608.5790257363382,2.6954871046463897,2.844125703278052,8.51636437433325,2.061399495871715,True
PXL_20260602_183730315.TS_dish1.mp4,116461,3955.473287368814,547.2338943481445,567.2238540649414,353.03897857666016,546.5042118013507,580.0917923481409,1,637.4102693176536,333.05203381461655,753.474753094203,301.7650860139815,690.9008574929329,316.9039317239662,-2.848405757031911,-2.072598465743712,44.45048350629027,3.197829264646546,True
PXL_20260602_183730315.TS_dish1.mp4,116461,3955.473287368814,547.2338943481445,567.2238540649414,353.03897857666016,546.5042118013507,580.0917923481409,2,393.170225196567,796.3007159089051,294.2630998913336,780.1526138182547,345.7351753052816,817.4950999028837,0.4201967136092753,0.8688111591187234,25.70371435629302,60.03601545172372,False
PXL_20260602_183730315.TS_dish1.mp4,116461,3955.473287368814,547.2338943481445,567.2238540649414,353.03897857666016,546.5042118013507,580.0917923481409,3,377.02212310591665,855.8468423681783,474.9199920304844,896.2170975948042,433.5404804231929,866.9486625555004,2.9476335063299,1.1956476988187155,100.38139253721032,24.15938091265008,False
PXL_20260602_183730315.TS_dish1.mp4,136847,4647.861970587236,547.2338943481445,567.2238540649414,353.03897857666016,546.5042118013507,580.0917923481409,0,576.8548864777148,846.7635349421874,454.7348644171715,880.0689955041538,521.3457855411042,883.0967646461507,0.5795639852933231,1.4879565948754034,52.04706266992835,35.80913251758933,False
PXL_20260602_183730315.TS_dish1.mp4,136847,4647.861970587236,547.2338943481445,567.2238540649414,353.03897857666016,546.5042118013507,580.0917923481409,1,308.39268922065264,633.8104386217359,234.7169734320604,617.6623365310855,257.9298701873703,643.9030024283924,0.19739555984988075,0.2176238048147634,1.1589930634445262,59.81346411880466,False
PXL_20260602_183730315.TS_dish1.mp4,136847,4647.861970587236,547.2338943481445,567.2238540649414,353.03897857666016,546.5042118013507,580.0917923481409,2,553.3045427154275,581.6372578845113,662.5504184485771,617.4699051249845,609.955852183216,600.3398261763487,2.822723542967063,2.832697520642311,0.571466825749408,0.22939638370841625,True
PXL_20260602_183730315.TS_dish1.mp4,136847,4647.861970587236,547.2338943481445,567.2238540649414,353.03897857666016,546.5042118013507,580.0917923481409,3,867.0638642071169,539.2829423092613,849.871456472441,465.6011948749359,864.607805959306,506.5354990051168,-1.4959364790841274,-2.914352799112719,81.26926873011581,15.509723025705702,True
PXL_20260602_183730315.TS_dish1.mp4,88473,3004.890805964066,590.1803588867188,594.8323669433594,353.0390167236328,600.0042489551695,603.7313436486654,0,340.8319327628559,432.11682297096127,299.3518242415217,518.3092562620454,317.66771631587704,483.8322829456117,1.1496762524138746,-0.40158871686414555,88.88093564612187,3.851071458212234,True
PXL_20260602_183730315.TS_dish1.mp4,88473,3004.890805964066,590.1803588867188,594.8323669433594,353.0390167236328,600.0042489551695,603.7313436486654,1,910.0808256483268,553.7641362864365,908.8366387377728,639.6130331146574,907.592451827219,594.822304334716,1.510264307012789,-3.112636571563,95.12729055028701,5.059369530111613,True
PXL_20260602_183730315.TS_dish1.mp4,88473,3004.890805964066,590.1803588867188,594.8323669433594,353.0390167236328,600.0042489551695,603.7313436486654,2,840.406358657307,367.1360997033479,887.6854612583562,433.0780059627059,862.8017230472777,392.0198379144264,2.303611428581405,-2.463442099234847,86.86795214317878,10.768809731470418,True
PXL_20260602_183730315.TS_dish1.mp4,88473,3004.890805964066,590.1803588867188,594.8323669433594,353.0390167236328,600.0042489551695,603.7313436486654,3,827.9644895517678,359.6709782400244,734.6504712602235,303.6825672650978,776.9528262190569,322.3453709234067,-0.6316906343389692,-2.1321568666417448,85.97038241284518,12.38726378710694,True
PXL_20260602_183730315.TS_dish1.mp4,129790,4408.178514417688,550.3662719726562,568.7043533325195,353.0389060974121,551.4809594435665,571.3824839742634,0,397.3177283672379,635.6752128916002,285.8869351194252,662.3312065704887,345.7536750211912,677.6256291731297,0.6829543098903242,0.47670276028466985,11.81734331043713,53.461472907270426,False
PXL_20260602_183730315.TS_dish1.mp4,129790,4408.178514417688,550.3662719726562,568.7043533325195,353.0389060974121,551.4809594435665,571.3824839742634,1,584.3466676223903,588.0440110719468,707.1390319464506,636.1121963945327,649.8941930622801,611.2041367273746,2.80195136411501,2.7570951157259853,2.5700737174816126,4.05454424765041,True
PXL_20260602_183730315.TS_dish1.mp4,129790,4408.178514417688,550.3662719726562,568.7043533325195,353.0389060974121,551.4809594435665,571.3824839742634,2,402.0535523385151,315.2400359905417,479.6267423004907,243.59257581732805,444.07236356791856,278.06954913376165,-2.4173426528416457,-1.2197707749464415,68.61581426695157,2.622127648202289,True
PXL_20260602_183730315.TS_dish1.mp4,129790,4408.178514417688,550.3662719726562,568.7043533325195,353.0389060974121,551.4809594435665,571.3824839742634,3,545.8871753930116,252.21181914643643,428.9886877419789,295.30803579197845,481.2428504246986,272.14381934499966,0.2990844116129585,-1.340247164748171,93.92678054802097,6.771385990596444,True
PXL_20260602_183730315.TS_dish1.mp4,135744,4610.399755459702,550.3662719726562,568.7043533325195,353.0389060974121,551.4809594435665,571.3824839742634,0,574.1651268129732,589.741411543613,690.4185505426866,631.4944017563975,647.0281881646949,618.3954244347397,2.766911453307016,2.684334292095733,4.731322821577906,4.669279657793835,True
PXL_20260602_183730315.TS_dish1.mp4,135744,4610.399755459702,550.3662719726562,568.7043533325195,353.0389060974121,551.4809594435665,571.3824839742634,1,827.9578124200941,397.3501821317634,810.7654046854182,370.3335414058441,816.4962072636433,423.5481367750791,1.1583858851975042,-2.632755243002594,142.783613815669,150.2239966096964,False
PXL_20260602_183730315.TS_dish1.mp4,135744,4610.399755459702,550.3662719726562,568.7043533325195,353.0389060974121,551.4809594435665,571.3824839742634,2,378.4991530707091,847.627527563752,349.02645409697897,802.5997930205532,361.30674533603315,823.8856311682472,-0.9440534255838479,0.9252785527198404,107.10483286564211,5.9280837103285595,True
PXL_20260602_183730315.TS_dish1.mp4,135744,4610.399755459702,550.3662719726562,568.7043533325195,353.0389060974121,551.4809594435665,571.3824839742634,3,248.32807218281337,656.0549842345059,226.22354795251576,547.9884213308286,221.31143145689407,611.027249691307,-1.0303768265243132,0.1195018444928142,65.88319480139346,35.4193593653998,False
PXL_20260602_183730315.TS_dish1.mp4,89362,3035.0847400061134,590.4820556640625,598.9956665039062,353.0389099121094,592.4152635737473,598.3991247001828,0,767.3750423074266,304.8386547975549,801.7598577767784,331.03660944087056,788.6608804551206,324.48712078004166,2.396173177315635,-2.1924807394094055,97.08949692548046,16.144338780283462,True
PXL_20260602_183730315.TS_dish1.mp4,89362,3035.0847400061134,590.4820556640625,598.9956665039062,353.0389099121094,592.4152635737473,598.3991247001828,1,873.8042330458966,439.92185842715145,868.8921165502749,400.62492646217794,862.342627889446,421.0920785272683,-1.024007485905651,-2.5604034246031464,88.02900294840684,49.07336449286081,False
PXL_20260602_183730315.TS_dish1.mp4,89362,3035.0847400061134,590.4820556640625,598.9956665039062,353.0389099121094,592.4152635737473,598.3991247001828,2,929.4748866629424,591.3787837088203,905.7329902674376,639.6812625824336,919.650653671699,613.4833079391179,1.152571997215671,3.095529441762292,111.32326134604507,4.0169854139021615,True
PXL_20260602_183730315.TS_dish1.mp4,89362,3035.0847400061134,590.4820556640625,598.9956665039062,353.0389099121094,592.4152635737473,598.3991247001828,3,385.04864173153805,350.6850754233573,320.3724412058524,467.75718523567434,335.1087906927175,423.5481367750791,0.9699409605880628,-0.5968645580806289,89.77134353752194,15.991527758517057,True
PXL_20260602_183730315.TS_dish1.mp4,103641,3520.0557008457017,538.9047622680664,566.248161315918,353.0388641357422,547.3875290305484,572.2011700568671,0,656.0337350733348,633.1317739216047,761.6442397292012,660.1484146475241,713.341760855588,633.1317739216047,-3.141592653589793,2.7897191776616985,20.160865093277987,29.219246690484717,False
PXL_20260602_183730315.TS_dish1.mp4,103641,3520.0557008457017,538.9047622680664,566.248161315918,353.0388641357422,547.3875290305484,572.2011700568671,1,728.8967964250567,331.85529552347424,804.2159160245893,355.59719191897904,773.9245309682555,332.6739816060778,3.123412838516816,-2.328329606936681,47.63816688318417,36.07523400726027,False
PXL_20260602_183730315.TS_dish1.mp4,103641,3520.0557008457017,538.9047622680664,566.248161315918,353.0388641357422,547.3875290305484,572.2011700568671,2,317.0977031215171,336.767412019096,355.57594900388705,309.7507712931767,343.2956577648328,333.49266768868154,-3.0172376590430314,-0.8634160916536683,123.40488563566234,55.525107871028304,False
PXL_20260602_183730315.TS_dish1.mp4,103641,3520.0557008457017,538.9047622680664,566.248161315918,353.0388641357422,547.3875290305484,572.2011700568671,3,392.4168227210497,464.48244090526015,328.5593082779677,382.6138326448985,340.02091343441833,427.6415671880974,-0.6128202021652425,-0.6087910715968005,0.23085217667886695,40.60689307960691,False
PXL_20260602_183730315.TS_dish1.mp4,86762,2946.7785212104745,594.5753555297852,590.808479309082,353.0387954711914,597.3273800693689,602.492555113201,0,369.49360616206945,398.98755429697064,304.8174056363838,518.5157223570985,313.00426646241993,470.21324348348526,0.9002747688143474,-0.4354573756131141,76.53181443565245,28.798327545123144,False
PXL_20260602_183730315.TS_dish1.mp4,86762,2946.7785212104745,594.5753555297852,590.808479309082,353.0387954711914,597.3273800693689,602.492555113201,1,734.6275990032821,416.9986481142502,744.4518319945255,300.7452243845368,754.2760649857688,369.5148553232405,-1.963136471010412,-2.163627593487756,11.487295147792274,30.609536751259,False
PXL_20260602_183730315.TS_dish1.mp4,86762,2946.7785212104745,594.5753555297852,590.808479309082,353.0387954711914,597.3273800693689,602.492555113201,2,782.9300778768954,424.3668228576828,891.8153268631763,437.46580017934065,841.0567897417521,398.1688682143671,-2.718153247430074,-2.4439175549061107,15.712547773470426,62.00809623975246,False
PXL_20260602_183730315.TS_dish1.mp4,86762,2946.7785212104745,594.5753555297852,590.808479309082,353.0387954711914,597.3273800693689,602.492555113201,3,809.1280325202111,605.2964471130819,908.1890485152486,633.1317739216048,868.0734304676714,617.5767383521361,2.936197264400026,3.0859367900877,8.579442848194503,9.425767549521662,True
PXL_20260602_183730315.TS_dish1.mp4,116425,3954.2505858777977,550.3662567138672,562.9731903076172,353.0387725830078,547.3875290305483,565.6516813960383,0,569.2530103173517,567.6368873133155,702.6988417817411,637.2252043346228,630.6544665126229,600.3843306174601,2.6516353273360647,2.7464118022154147,5.430292007714425,0.9889360714842956,True
PXL_20260602_183730315.TS_dish1.mp4,116425,3954.2505858777977,550.3662567138672,562.9731903076172,353.0387725830078,547.3875290305483,565.6516813960383,1,631.4731525952265,330.217923358267,750.1826345727508,304.8386547975549,695.3306670383084,312.2068295409875,-2.866682812109121,-2.0991660194527615,43.975472924626885,8.100522708093589,True
PXL_20260602_183730315.TS_dish1.mp4,116425,3954.2505858777977,550.3662567138672,562.9731903076172,353.0387725830078,547.3875290305483,565.6516813960383,2,378.4991530707092,791.1381878641025,293.3558004799331,776.4018383772375,349.026454096979,818.9735146726255,0.7568345055586883,0.9064828711345135,8.574219758525619,80.76877958979178,False
PXL_20260602_183730315.TS_dish1.mp4,116425,3954.2505858777977,550.3662567138672,562.9731903076172,353.0387725830078,547.3875290305483,565.6516813960383,3,380.1365252359165,860.7265048854098,466.91724999189967,889.3805177765364,434.16980668775506,864.0012492158243,3.081060633807686,1.2081036988152734,107.31252758482374,34.30745504703757,False
PXL_20260602_183730315.TS_dish1.mp4,6538,222.05617634072613,746.6932525634766,639.6635284423828,353.0388946533203,738.9600723597944,657.3445226476432,0,504.7380835545812,417.7964348161135,469.5345820026257,463.642855441916,485.0896175720944,446.4504477072401,0.9697225722971482,-0.6931912258091543,95.277942325561,7.698605465084684,True
PXL_20260602_183730315.TS_dish1.mp4,6538,222.05617634072613,746.6932525634766,639.6635284423828,353.0388946533203,738.9600723597944,657.3445226476432,1,879.6963093870371,341.6586291339773,816.6574810265588,320.37279098628323,851.8609825785143,329.37833789492305,-0.4154920959408919,-1.9023355466048253,85.1898545197112,9.45661147551059,True
PXL_20260602_183730315.TS_dish1.mp4,6538,222.05617634072613,746.6932525634766,639.6635284423828,353.0388946533203,738.9600723597944,657.3445226476432,2,491.6391062329233,861.5242915872732,439.2431969462919,773.1061946660827,455.61691859836424,811.5844405484527,-0.945910088879307,0.4985006940636865,82.75864174582037,12.752043191898062,True
PXL_20260602_183730315.TS_dish1.mp4,6538,222.05617634072613,746.6932525634766,639.6635284423828,353.0388946533203,738.9600723597944,657.3445226476432,3,650.4642062580248,954.8545050040856,700.4040572968453,958.9479354171036,674.2061026535296,958.9479354171036,2.9708574421145117,1.3593078266692264,92.33499144094566,9.782407031807255,True
PXL_20260602_183730315.TS_dish1.mp4,154926,5261.895866589682,556.5015487670898,562.9733352661133,353.03883361816406,564.106463922365,565.3163076805753,0,460.12918609294866,418.868349438458,467.4973608363812,494.18746903799064,477.3215938276246,454.8905370730171,2.016097370682583,-0.9047052365288705,167.34966218402343,39.55011389546082,False
PXL_20260602_183730315.TS_dish1.mp4,154926,5261.895866589682,556.5015487670898,562.9733352661133,353.03883361816406,564.106463922365,565.3163076805753,1,759.768292325872,354.1921489127724,857.1919361557023,473.72031697290026,812.1642016125035,413.9562329428363,2.2905953183613064,-2.5937208642890774,80.14929692668368,4.246173171820915,True
PXL_20260602_183730315.TS_dish1.mp4,154926,5261.895866589682,556.5015487670898,562.9733352661133,353.03883361816406,564.106463922365,565.3163076805753,2,556.7341438401753,603.0727180242715,646.7896129265731,613.7156370981185,605.0366227137887,611.2595788503077,2.973696730339418,2.2985524820500918,38.68291598951095,6.253267136269145,True
PXL_20260602_183730315.TS_dish1.mp4,154926,5261.895866589682,556.5015487670898,562.9733352661133,353.03883361816406,564.106463922365,565.3163076805753,3,546.909910848932,620.2651257589474,632.053263439708,660.3807438065246,575.5639237400585,650.5565108152812,2.328423853598924,1.7044093046594047,35.75340000899423,36.72533332811017,False
PXL_20260602_210739662.TS_dish1.mp4,1813,60.49382716049383,,,,,,0,30.970695860136686,1002.8641895250844,180.80884924302623,690.9917539955816,88.46673146054778,817.3088019055756,-1.8712734951674772,,,18.952017761240043,True
PXL_20260602_210739662.TS_dish1.mp4,1813,60.49382716049383,,,,,,1,550.1773170497588,1181.4503341227276,263.5682911022548,1169.2542053590043,389.0141869576973,1210.1983519229334,0.17652176533321276,,,28.19005944236506,False
PXL_20260602_210739662.TS_dish1.mp4,1813,60.49382716049383,,,,,,2,619.8694581516238,577.742000196588,706.1135115522404,737.1628261795461,673.8808855338282,661.3725974335496,2.144236852949726,,,9.816285970529536,True
PXL_20260602_210739662.TS_dish1.mp4,1813,60.49382716049383,,,,,,3,735.7326814069977,600.3919536149318,613.771393769762,546.3805262327274,686.9481663521035,572.515087869278,-0.5191461142465232,,,10.091057238888933,True
PXL_20260602_210739662.TS_dish1.mp4,1813,60.49382716049383,,,,,,4,-13.458060583589884,694.4763755065137,60.58986405330322,521.1171166507286,4.83613256199547,626.5265152514824,-1.833791058475816,,,12.807022227035269,True
PXL_20260602_210739662.TS_dish1.mp4,1813,60.49382716049383,,,,,,5,2.222676398340411,525.472876923487,27.486085980339222,674.4398782518251,3.964980507443784,591.6804330694149,1.5971060440478189,,,14.358272043998785,True
PXL_20260602_210739662.TS_dish1.mp4,1813,60.49382716049383,,,,,,6,-9.10230031083148,543.7670700690724,-68.34064002034597,740.6474343977529,-44.8195345474505,636.1091878515508,1.2017273594274243,,,8.465710687587848,True
PXL_20260602_210739662.TS_dish1.mp4,925,30.8641975308642,529.7712529301643,569.6220970153809,528.0160935819149,461.1111717207619,558.1618365232339,0,804.4636221102153,243.41796622221008,839.3008556057252,172.49931232063645,828.10317341074,213.55748036891592,-2.240435272471539,-2.3876452743464034,8.434511809542675,23.11236668180419,False
PXL_20260602_210739662.TS_dish1.mp4,925,30.8641975308642,529.7712529301643,569.6220970153809,528.0160935819149,461.1111717207619,558.1618365232339,1,634.0100153643277,143.88301337789616,645.2076975593131,51.81318199690579,626.5448939010042,110.28996679294023,-1.3521273809209557,-1.924628457149483,32.80189543459204,30.229235497818696,False
PXL_20260602_210739662.TS_dish1.mp4,925,30.8641975308642,529.7712529301643,569.6220970153809,528.0160935819149,461.1111717207619,558.1618365232339,2,58.86480285616388,676.1401533034177,80.3380530151464,654.6669031444351,94.1422852602066,665.4035282239263,-2.846151816446069,0.28431915879484143,179.36277476950698,125.19750328475467,False
PXL_20260602_210739662.TS_dish1.mp4,925,30.8641975308642,529.7712529301643,569.6220970153809,528.0160935819149,461.1111717207619,558.1618365232339,3,351.82128716799707,970.6304411980352,328.8142334262301,1013.5769415160004,338.0170549229369,998.2389056881556,1.1071487177940904,1.2980562241342248,10.938194390656708,4.398705354995321,True
PXL_20260602_210739662.TS_dish1.mp4,925,30.8641975308642,529.7712529301643,569.6220970153809,528.0160935819149,461.1111717207619,558.1618365232339,4,788.9553082615703,930.751548045639,764.4144509370188,995.1712985225868,781.286290347648,972.1642447808196,1.3876855095324134,2.22908433113333,48.2086013650134,25.762360725113027,False
PXL_20260602_210739662.TS_dish1.mp4,925,30.8641975308642,529.7712529301643,569.6220970153809,528.0160935819149,461.1111717207619,558.1618365232339,5,12.583419667140332,432.7880465856975,48.66484007320412,531.0788125194575,52.39740080486592,480.06714918674663,2.27068919651414,-0.18879858653044373,140.9182697324421,44.28582367133066,False
PXL_20260602_210739662.TS_dish1.mp4,925,30.8641975308642,529.7712529301643,569.6220970153809,528.0160935819149,461.1111717207619,558.1618365232339,6,479.1535111248619,195.14834666989805,317.4092127528518,115.52038439444688,405.7464834021804,154.09017862161852,-0.5099720597014133,-1.4346272281120813,52.97883865488964,5.632216165356391,True
PXL_20260602_210739662.TS_dish1.mp4,14071,469.50283616950287,529.7712529301643,569.6220970153809,528.0160935819149,359.8801352569871,314.2870668605036,0,788.4103596689656,936.9967301591844,763.8294913201523,1001.2851550714652,778.9561795348066,980.4859587763156,1.3567356432310727,2.132306607387354,44.43694295904696,23.762599657210984,False
PXL_20260602_210739662.TS_dish1.mp4,14071,469.50283616950287,529.7712529301643,569.6220970153809,528.0160935819149,359.8801352569871,314.2870668605036,1,327.2804298434456,265.0807931171804,394.7677874859622,131.6398814149318,350.2874835852126,222.13429279921527,-2.0626055027835952,-1.4670747913195579,34.12139633731252,2.003300128199201,True
PXL_20260602_210739662.TS_dish1.mp4,14071,469.50283616950287,529.7712529301643,569.6220970153809,528.0160935819149,359.8801352569871,314.2870668605036,2,534.3439135193487,285.02023969337847,606.4326819102187,215.9990784680774,583.4256281684517,274.28361461388715,-2.9262349538920542,-2.96451700831353,2.1934001494407025,56.11993680313532,False
PXL_20260602_210739662.TS_dish1.mp4,14071,469.50283616950287,529.7712529301643,569.6220970153809,528.0160935819149,359.8801352569871,314.2870668605036,3,307.696111074025,358.5836297293067,290.50370333934904,461.7380761373622,297.053192000178,402.7926781899019,1.3345510660764588,0.9534808905995434,21.83371275313694,7.195664623224311,True
PXL_20260602_210739662.TS_dish1.mp4,14071,469.50283616950287,529.7712529301643,569.6220970153809,528.0160935819149,359.8801352569871,314.2870668605036,4,365.00413685627814,361.85837405972114,98.93116001010304,327.4735585903693,231.5583053918888,365.9518044727392,0.03066523092694834,0.38276163066925056,20.17363768698505,17.93567192618784,True
PXL_20260602_210739662.TS_dish1.mp4,14071,469.50283616950287,529.7712529301643,569.6220970153809,528.0160935819149,359.8801352569871,314.2870668605036,5,267.86403867794104,351.1844303696649,300.212898352343,144.6494032177135,282.7942816045881,270.3122811836598,-1.753356179925803,-0.5184194689715561,70.7566615034456,2.568206664693409,True
PXL_20260602_210739662.TS_dish1.mp4,4825,160.99432766099434,529.7712529301643,569.6220970153809,528.0160935819149,373.6843675020472,430.8561391521231,0,837.1383085299308,168.78527481798793,683.9805903565561,155.54942263016545,795.5399159396316,187.69363508630585,0.42662749312687787,-2.6186980371683153,174.48430012935387,40.517528945163036,False
PXL_20260602_210739662.TS_dish1.mp4,4825,160.99432766099434,529.7712529301643,569.6220970153809,528.0160935819149,373.6843675020472,430.8561391521231,1,89.04107070307396,428.65178490128454,89.04107070307396,568.227910934671,90.57487428585844,466.9968744708962,1.6107750139181871,0.12696965426361753,85.01578472709804,3.1586614923840926,True
PXL_20260602_210739662.TS_dish1.mp4,4825,160.99432766099434,529.7712529301643,569.6220970153809,528.0160935819149,373.6843675020472,430.8561391521231,2,259.2932683921498,316.68412335801844,312.97639378960616,131.0938898410979,219.4143752397537,203.18265823196788,-1.2329181385546184,-0.9752673296735855,14.762303937014966,71.74503732696195,False
PXL_20260602_210739662.TS_dish1.mp4,4825,160.99432766099434,529.7712529301643,569.6220970153809,528.0160935819149,373.6843675020472,430.8561391521231,3,102.84530294813416,312.082712609665,105.91291011370308,315.150319775234,99.77769578256525,325.88694485472524,1.3521273809209564,-0.36596622885455027,98.4395126485331,162.7839264122093,False
PXL_20260602_210739662.TS_dish1.mp4,4825,160.99432766099434,529.7712529301643,569.6220970153809,528.0160935819149,373.6843675020472,430.8561391521231,4,788.4555044527909,950.1450030480034,763.9146471282394,999.2267176971064,777.7188793732997,976.2196639553396,1.1801892830972145,2.2084179724511905,58.91316427425103,8.58362148011462,True
PXL_20260602_210739662.TS_dish1.mp4,4825,160.99432766099434,529.7712529301643,569.6220970153809,528.0160935819149,373.6843675020472,430.8561391521231,5,404.7245988388726,735.6381857308274,214.36400152412227,943.4173997933328,287.7710292468038,868.7661851600974,0.8499848238221209,1.377067412044425,30.199607759969904,3.219077249340009,True
PXL_20260602_210739662.TS_dish1.mp4,25135,838.6720053386721,529.7712529301643,569.6220970153809,528.0160935819149,273.9871346210569,349.5645492645464,0,779.2526829560842,917.9351278095296,757.7794327971017,1000.7605212798908,766.9822542938084,974.685860372555,1.3578579772154993,2.2385714101756524,50.46116266909475,7.239566100795413,True
PXL_20260602_210739662.TS_dish1.mp4,25135,838.6720053386721,529.7712529301643,569.6220970153809,528.0160935819149,273.9871346210569,349.5645492645464,1,372.7947335182003,236.92633705322612,302.23976871011484,124.95867550996002,349.7876797764334,181.7094080729853,-1.1760052070951363,-1.9949659806890365,46.92299591369944,17.337683982788764,True
PXL_20260602_210739662.TS_dish1.mp4,25135,838.6720053386721,529.7712529301643,569.6220970153809,528.0160935819149,273.9871346210569,349.5645492645464,2,227.083393153676,223.12210480816591,266.9622863060722,272.2038194572689,260.82707197493426,192.44603315247664,-2.403777593469329,-1.4872325503518933,52.514162704265146,127.87498365109809,False
PXL_20260602_210739662.TS_dish1.mp4,25135,838.6720053386721,529.7712529301643,569.6220970153809,528.0160935819149,273.9871346210569,349.5645492645464,3,243.9552325643051,345.82639143092325,282.3003221339168,485.4025174643098,231.68480390202944,420.98276698736225,1.408958895556475,1.0360441428117868,21.36644145043526,47.42982836456928,False
PXL_20260602_210739662.TS_dish1.mp4,25135,838.6720053386721,529.7712529301643,569.6220970153809,528.0160935819149,273.9871346210569,349.5645492645464,4,277.6989113855634,408.7123383250865,82.9058563719361,321.2855341063718,159.59603551115944,374.9686595038282,-0.27829965900511155,0.21853453664797767,28.466502528698996,19.04662429763582,True
PXL_20260602_210739662.TS_dish1.mp4,25135,838.6720053386721,529.7712529301643,569.6220970153809,528.0160935819149,273.9871346210569,349.5645492645464,5,478.1316265615541,366.114673296312,524.1665422520495,291.46345866307655,485.59674802487774,333.76581362190996,-1.7975951748487844,-3.067071091660002,72.73561222678359,29.362837914018698,False
PXL_20260602_210739662.TS_dish1.mp4,13869,462.7627627627628,529.7712529301643,569.6220970153809,528.0160935819149,343.00829584635795,308.1518525293657,0,780.7059379811549,932.9926236691924,754.5780128595225,990.2252215546732,776.9733772494932,959.120548790825,1.4288992721907363,2.158783988562882,41.819313779227095,27.623784900280953,False
PXL_20260602_210739662.TS_dish1.mp4,13869,462.7627627627628,529.7712529301643,569.6220970153809,528.0160935819149,343.00829584635795,308.1518525293657,1,340.5848582797265,256.8657836294242,371.260929935416,114.22205043046876,366.6595191870626,198.58124748361445,-1.9914596759279335,-1.7833883494537526,11.92160884465924,20.98010403904553,False
PXL_20260602_210739662.TS_dish1.mp4,13869,462.7627627627628,529.7712529301643,569.6220970153809,528.0160935819149,343.00829584635795,308.1518525293657,2,277.6989113855634,325.88694485472524,289.9693400478392,143.36431850337362,291.50314363062364,263.0009979605621,-1.7868812990916834,-0.7197512651487967,61.14204713657968,13.115277963062008,True
PXL_20260602_210739662.TS_dish1.mp4,13869,462.7627627627628,529.7712529301643,569.6220970153809,528.0160935819149,343.00829584635795,308.1518525293657,3,248.55664331265857,353.49540934484565,112.04812444484097,324.3531412719408,191.80591074963328,330.4883556030786,-0.3851575063634747,0.14666511578038358,30.471191698423794,17.669194207414748,True
PXL_20260602_210739662.TS_dish1.mp4,13869,462.7627627627628,529.7712529301643,569.6220970153809,528.0160935819149,343.00829584635795,308.1518525293657,4,280.7665185511323,322.81933768915627,216.34676807418472,443.9898207291293,234.75241106759833,396.4419096628107,1.0121970114513346,0.6841619212946114,18.795026198173698,10.844123391255227,True
PXL_20260602_210739662.TS_dish1.mp4,13869,462.7627627627628,529.7712529301643,569.6220970153809,528.0160935819149,343.00829584635795,308.1518525293657,5,328.31442961745086,344.2925878481388,280.7665185511323,463.9292673053273,286.90173288227027,401.0433204111641,0.9403949053213896,1.0274399218189636,4.987312072957601,30.547143045515885,False
PXL_20260602_210739662.TS_dish1.mp4,13869,462.7627627627628,529.7712529301643,569.6220970153809,528.0160935819149,343.00829584635795,308.1518525293657,6,489.32930875653955,282.75415028919906,610.0154390802702,265.33553354144414,541.5851589998043,269.0680942731059,-2.8854412710241895,-2.947257326021477,3.5417990574931544,11.554262675334353,True
PXL_20260602_210739662.TS_dish1.mp4,2071,69.10243576910244,529.7712529301643,569.6220970153809,528.0160935819149,453.4421538068396,507.5463182913464,0,774.4850034283853,942.946118953624,747.112891396199,1010.132212123536,765.7756950545079,982.7601000913496,1.3554386270971595,2.1522502824724095,45.65394491983446,21.947789698882865,False
PXL_20260602_210739662.TS_dish1.mp4,2071,69.10243576910244,529.7712529301643,569.6220970153809,528.0160935819149,453.4421538068396,507.5463182913464,1,216.34676807418472,516.0785891199992,46.09457038510888,681.7293760607215,145.7918032660993,595.8363754247914,0.8465463260467497,0.2794711363885665,32.491015033994614,7.757368080903694,True
PXL_20260602_210739662.TS_dish1.mp4,2071,69.10243576910244,529.7712529301643,569.6220970153809,528.0160935819149,453.4421538068396,507.5463182913464,2,204.076339411909,511.4771783716457,39.95935605397102,511.4771783716457,135.055178186608,494.60533896101657,-0.2397431088704568,-0.040623081301183646,11.408737196247955,23.796958100945567,False
PXL_20260602_210739662.TS_dish1.mp4,2071,69.10243576910244,529.7712529301643,569.6220970153809,528.0160935819149,453.4421538068396,507.5463182913464,3,130.45376743825457,250.73056929828635,309.90878662403725,140.2967113378047,228.6171967364605,227.72351555651932,-2.911373066312949,-0.8939523832759838,115.5896906404179,33.891954567524,False
PXL_20260602_210739662.TS_dish1.mp4,2071,69.10243576910244,529.7712529301643,569.6220970153809,528.0160935819149,453.4421538068396,507.5463182913464,4,314.5101973723906,147.96572925172703,388.1327693460451,120.35726476160664,323.7130188690975,151.03333641729597,2.819842099193152,-1.2218072072644697,128.43055246800202,43.89829388479353,False
PXL_20260602_210739662.TS_dish1.mp4,2071,69.10243576910244,529.7712529301643,569.6220970153809,528.0160935819149,453.4421538068396,507.5463182913464,5,742.441396969257,135.69530058945128,823.7329868568337,178.64180090741638,780.7864865388686,151.03333641729597,2.7610862764774278,-2.313567206589607,69.24377292889592,10.933816785755786,True
PXL_20260602_210739662.TS_dish1.mp4,2071,69.10243576910244,529.7712529301643,569.6220970153809,528.0160935819149,453.4421538068396,507.5463182913464,6,155.93521975853426,853.5118789138508,350.02837780494644,999.0817474486598,266.66785479783346,979.1747568797972,2.293120372295432,1.1937256771938043,62.990676048395244,35.18285188132214,False
PXL_20260602_210739662.TS_dish1.mp4,8474,282.7494160827494,529.7712529301643,569.6220970153809,528.0160935819149,410.49565348887455,394.0448531652959,0,711.0314709901352,187.724664247392,831.7176013138658,187.724664247392,775.7291903389392,185.2362904262841,-3.1031500635686045,-2.622232559451995,27.554543279847124,4.747402541578965,True
PXL_20260602_210739662.TS_dish1.mp4,8474,282.7494160827494,529.7712529301643,569.6220970153809,528.0160935819149,410.49565348887455,394.0448531652959,1,253.81384498121616,452.31462239335553,97.04629425142174,553.0937621482234,187.8719387218582,508.3030333682821,0.7039461190915774,0.4741790990863487,13.164680517597567,14.082899258872116,True
PXL_20260602_210739662.TS_dish1.mp4,8474,282.7494160827494,529.7712529301643,569.6220970153809,528.0160935819149,410.49565348887455,394.0448531652959,2,308.5580690455888,410.0122674345221,84.6044251458825,325.40755751685526,196.58124709573565,367.70991247568867,-0.3612037554936816,-0.12249335567695914,13.677098435378666,0.0,True
PXL_20260602_210739662.TS_dish1.mp4,8474,282.7494160827494,529.7712529301643,569.6220970153809,528.0160935819149,410.49565348887455,394.0448531652959,3,262.5231533550936,380.1517815812279,299.8487606717113,141.26789475487453,289.89526538727995,261.9540250786051,-1.798363814205481,-0.830839118072293,55.435081663109116,8.323902064318043,True
PXL_20260602_210739662.TS_dish1.mp4,8474,282.7494160827494,529.7712529301643,569.6220970153809,528.0160935819149,410.49565348887455,394.0448531652959,4,345.88367636220653,361.48897792291905,373.2557883943929,117.62834345435,359.5697323782997,247.02378215195807,-1.6897966201776766,-1.2373454537850181,25.923542270070694,0.7805320502289674,True
PXL_20260602_210739662.TS_dish1.mp4,8474,282.7494160827494,529.7712529301643,569.6220970153809,528.0160935819149,410.49565348887455,394.0448531652959,5,786.3258426982957,937.547517509386,753.9769830238936,1010.9545452320674,770.1514128610946,984.8266201104352,1.2411719193741537,2.1176462598000927,50.21828055791885,12.873392715103742,True
PXL_20260602_210739662.TS_dish1.mp4,8474,282.7494160827494,529.7712529301643,569.6220970153809,528.0160935819149,410.49565348887455,394.0448531652959,6,294.0399668300198,455.37206753659507,386.10979821101023,639.5117302985757,361.22605999993175,535.000029812046,2.271650734679348,1.2345306004821028,59.42260653754371,26.76350187116832,False
PXL_20260602_210739662.TS_dish1.mp4,21076,703.2365699032366,529.7712529301643,569.6220970153809,528.0160935819149,282.3444017018204,379.1146102386488,0,483.345266358767,263.62006579118133,472.1475841637817,181.5037296946223,479.6127056271052,218.82933701124009,-1.4876550949064546,-2.459261514633137,55.66894719815531,6.546290783293915,True
PXL_20260602_210739662.TS_dish1.mp4,21076,703.2365699032366,529.7712529301643,569.6220970153809,528.0160935819149,282.3444017018204,379.1146102386488,1,262.5231533550936,298.0354454846689,271.2324617289711,174.86094133983045,271.2324617289711,260.7098381680512,-1.8000282600718924,-1.4772233302627864,18.49536008407854,13.134022306396341,True
PXL_20260602_210739662.TS_dish1.mp4,21076,703.2365699032366,529.7712529301643,569.6220970153809,528.0160935819149,282.3444017018204,379.1146102386488,2,205.2905554696131,288.08195020023754,297.3603868506035,158.68651150262946,248.83709733900048,233.3377261358649,-2.242759498385129,-1.3448672304626743,51.4454374093864,5.476786164548825,True
PXL_20260602_210739662.TS_dish1.mp4,21076,703.2365699032366,529.7712529301643,569.6220970153809,528.0160935819149,282.3444017018204,379.1146102386488,3,240.127788965123,422.4541365400613,85.84861205643642,341.58198735405625,160.49982668967186,387.61690304455146,-0.4124104415973871,0.06966689429659562,27.62099674563576,8.031373365979805,True
PXL_20260602_210739662.TS_dish1.mp4,21076,703.2365699032366,529.7712529301643,569.6220970153809,528.0160935819149,282.3444017018204,379.1146102386488,4,396.8953396949174,393.8378375973211,490.2093579864618,375.1750339390122,441.6860684748587,388.8610899551054,-3.0309354324158977,3.0805015912710805,9.840451782742829,9.410981917543117,True
PXL_20260602_210739662.TS_dish1.mp4,21076,703.2365699032366,529.7712529301643,569.6220970153809,528.0160935819149,282.3444017018204,379.1146102386488,5,768.9072259505407,915.1521531194152,758.9537306661093,994.7801153948664,767.6630390399868,954.9661342571408,1.539556493364628,2.2710863746740455,41.913574786735666,10.549176670080053,True
PXL_20260602_210739662.TS_dish1.mp4,21076,703.2365699032366,529.7712529301643,569.6220970153809,528.0160935819149,282.3444017018204,379.1146102386488,6,248.0174046994719,329.7020784218657,291.4077670774635,435.3125830777321,244.74266036905743,393.5595928649477,1.5195591593914777,0.3667747009642297,66.0496841561556,51.115503566285426,False
PXL_20260602_210739662.TS_dish1.mp4,22475,749.9165832499166,529.7712529301643,569.6220970153809,528.0160935819149,253.72810275908017,350.49831129590854,0,391.91859205270174,295.5470716635611,472.7907412387068,376.41922084956616,428.0000124587655,334.1168658907327,2.322873494314098,-3.047868705342905,52.279139106845555,3.5457294746130463,True
PXL_20260602_210739662.TS_dish1.mp4,22475,749.9165832499166,529.7712529301643,569.6220970153809,528.0160935819149,253.72810275908017,350.49831129590854,1,246.3487235178926,299.27963239522285,271.2324617289711,151.2213900393059,276.2092093711868,250.75634288361985,-2.1224513093234436,-1.7924844679621195,18.905707389266652,34.469907472360646,False
PXL_20260602_210739662.TS_dish1.mp4,22475,749.9165832499166,529.7712529301643,569.6220970153809,528.0160935819149,253.72810275908017,350.49831129590854,2,205.2905554696131,336.60523971184057,273.72083555007896,466.00067840944865,220.2207983962602,417.4773888978456,1.7533561799258035,1.10693654793374,37.03711670754508,37.33279327278416,False
PXL_20260602_210739662.TS_dish1.mp4,22475,749.9165832499166,529.7712529301643,569.6220970153809,528.0160935819149,253.72810275908017,350.49831129590854,3,276.2092093711868,406.2797067028603,93.31373351975996,317.9424360535317,174.185882705765,390.1052768656593,-0.15722805097656925,0.461995355276195,35.47888775399818,32.734274317307865,False
PXL_20260602_210739662.TS_dish1.mp4,22475,749.9165832499166,529.7712529301643,569.6220970153809,528.0160935819149,253.72810275908017,350.49831129590854,4,756.4653568450015,911.4195923877536,756.4653568450015,988.5591808420968,749.000235381678,938.7917044199398,1.304544277643972,2.2705570752925373,55.34845626088799,23.785884313005823,False
PXL_20260602_210739662.TS_dish1.mp4,22475,749.9165832499166,529.7712529301643,569.6220970153809,528.0160935819149,253.72810275908017,350.49831129590854,5,404.360461158241,107.67484816991858,303.5813214033731,128.8260256493353,359.5697323782997,107.67484816991858,-0.0,-1.9818453172218267,113.55137232457646,20.6954507340633,False
PXL_20260602_210739662.TS_dish1.mp4,75,2.5025025025025025,548.6647367477417,512.458553314209,540.3770146369934,493.0014616734571,522.284312567769,0,41.78465627407823,383.7883577606335,37.18324552572483,465.0799476482103,54.05508493635398,429.8024652441676,1.8313987185422376,-0.20765347173591836,116.82908470984479,40.49138234996141,False
PXL_20260602_210739662.TS_dish1.mp4,75,2.5025025025025025,548.6647367477417,512.458553314209,540.3770146369934,493.0014616734571,522.284312567769,1,574.0144995002884,38.6825516341286,294.86224743351534,61.6896053758955,429.8369627185485,32.54733730299067,-0.04252753461978464,-1.442528069028673,80.21412193768907,14.620304832797519,True
PXL_20260602_210739662.TS_dish1.mp4,75,2.5025025025025025,548.6647367477417,512.458553314209,540.3770146369934,493.0014616734571,522.284312567769,2,632.299035646098,90.83187344880048,673.7117323812788,23.344515806283933,655.3060893878652,60.155801793110875,-2.2142974355881813,-1.9085496022225474,17.51806044711998,10.30484646876587,True
PXL_20260602_210739662.TS_dish1.mp4,75,2.5025025025025025,548.6647367477417,512.458553314209,540.3770146369934,493.0014616734571,522.284312567769,3,791.8146082556829,880.7407185828012,715.1244291164594,966.6337192187312,768.8075545139158,923.6872189007662,1.0789871508061961,2.172815652612124,62.6717566645976,23.161601635950667,False
PXL_20260602_210739662.TS_dish1.mp4,75,2.5025025025025025,548.6647367477417,512.458553314209,540.3770146369934,493.0014616734571,522.284312567769,4,350.07917641375616,955.89709413924,353.1467835793251,954.3632905564556,351.6129799965406,965.0999156359468,1.7359450042095235,1.261733695564749,27.17030658272123,162.4075754378184,False
PXL_20260602_210739662.TS_dish1.mp4,75,2.5025025025025025,548.6647367477417,512.458553314209,540.3770146369934,493.0014616734571,522.284312567769,5,86.26496017482782,742.6983961321992,205.9016396320163,894.5449508278614,152.21851423455988,831.6590039336982,2.2087573260644073,0.7371270125640588,84.31820596708418,3.933538789907197,True
PXL_20260602_210739662.TS_dish1.mp4,18481,616.64998331665,530.2592325210571,578.4119453430176,540.3769965171814,303.2612621083154,395.11800860389747,0,502.0080700170759,253.66657050674996,488.32201400098273,202.65490717403907,492.0545747326444,241.22470140121072,-0.8960553845713395,-2.4576869017181218,89.47489508712229,33.1322681024343,False
PXL_20260602_210739662.TS_dish1.mp4,18481,616.64998331665,530.2592325210571,578.4119453430176,540.3769965171814,303.2612621083154,395.11800860389747,1,262.6523721950415,320.9024108664704,307.1326760957911,127.64315943562752,268.78758652617944,248.81364247560043,-1.6556981202446197,-1.3393875649590732,18.12325983330131,12.69575761404009,True
PXL_20260602_210739662.TS_dish1.mp4,18481,616.64998331665,530.2592325210571,578.4119453430176,540.3769965171814,303.2612621083154,395.11800860389747,2,339.34255133426495,348.5108753565909,282.5918187712397,299.4291607074879,327.0721226719892,308.63198220419474,-1.2722973952087164,-1.8394549393944104,32.49573360084475,61.2079018555083,False
PXL_20260602_210739662.TS_dish1.mp4,18481,616.64998331665,530.2592325210571,578.4119453430176,540.3769965171814,303.2612621083154,395.11800860389747,3,282.5918187712397,353.11228610494425,239.64531845327457,403.7278043368317,261.11856861225704,376.1193398467112,0.8198672643969535,-0.4235336510296168,71.2416246966455,5.150082338020145,True
PXL_20260602_210739662.TS_dish1.mp4,18481,616.64998331665,530.2592325210571,578.4119453430176,540.3769965171814,303.2612621083154,395.11800860389747,4,239.64531845327457,423.66725091302976,81.66354942647439,314.7671965353326,155.28612140012885,365.38271476722,-0.6045985900934766,-0.1983068361744875,23.278802750525895,0.13242452424786044,True
PXL_20260602_210739662.TS_dish1.mp4,18481,616.64998331665,530.2592325210571,578.4119453430176,540.3769965171814,303.2612621083154,395.11800860389747,5,771.8581469821474,924.6509950167796,735.0468609953202,1022.8144243149854,759.5877183198718,975.266513248667,1.3329603993374475,2.237293414529484,51.81446504484384,13.672577351441472,True
PXL_20260602_210739662.TS_dish1.mp4,17414,581.0477143810477,530.2592272758484,578.4119510650635,540.3769962787628,325.46490248295964,360.80329166126546,0,424.8684815627326,225.05027156400968,524.4034344070466,277.3061218072745,474.6359579848896,251.1781966856421,2.6581456520225943,-2.5078289000735956,64.01146109290252,2.5444437451708134e-14,True
PXL_20260602_210739662.TS_dish1.mp4,17414,581.0477143810477,530.2592272758484,578.4119510650635,540.3769962787628,325.46490248295964,360.80329166126546,1,422.3801077416247,376.8410746515884,488.32201400098273,330.8061589610933,467.17083652156595,355.68989717217175,-2.7004131731748138,-3.1055237558285245,23.211126622143322,24.35774119134966,False
PXL_20260602_210739662.TS_dish1.mp4,17414,581.0477143810477,530.2592272758484,578.4119510650635,540.3769962787628,325.46490248295964,360.80329166126546,2,273.3889972745328,323.9700180320393,274.92280085731727,465.0799476482103,271.85519369174835,403.7278043368317,1.5515679276951895,0.6751587469422866,50.21454718365945,3.9641113413181,True
PXL_20260602_210739662.TS_dish1.mp4,17414,581.0477143810477,530.2592272758484,578.4119510650635,540.3769962787628,325.46490248295964,360.80329166126546,3,258.0509614466881,371.51792909835785,87.79876375761225,322.43621444925486,198.2326217180939,339.308053859884,-0.49394136891958157,-0.16736445998918653,18.711478568139885,19.614401184769743,True
PXL_20260602_210739662.TS_dish1.mp4,17414,581.0477143810477,530.2592272758484,578.4119510650635,540.3769962787628,325.46490248295964,360.80329166126546,4,773.4089652622692,929.822433231904,753.4695186860712,1006.5126123711274,773.4089652622692,975.836540715438,1.5707963267948966,2.200280481917948,36.066785358909264,33.02386755579659,False
PXL_20260602_210739662.TS_dish1.mp4,17414,581.0477143810477,530.2592272758484,578.4119510650635,540.3769962787628,325.46490248295964,360.80329166126546,5,289.5133224698953,320.2791370978066,307.67993732187693,138.6129885779901,297.58737351522046,230.455319218564,-1.6604430431163832,-1.3601004313872624,17.208364060014997,1.1346989570734134,True
PXL_20260602_210739662.TS_dish1.mp4,17414,581.0477143810477,530.2592272758484,578.4119510650635,540.3769962787628,325.46490248295964,360.80329166126546,6,360.1612691164906,325.32541900113483,380.34639672980353,156.7796034299718,375.3001148264753,266.7885489225273,-1.8238719789594988,-2.0582163432459204,13.426943026288255,11.873761128261807,True
PXL_20260602_210739662.TS_dish1.mp4,10859,362.328995662329,530.2592272758484,578.4119510650635,540.3769962787628,419.37888969980264,345.8969005475552,0,356.2143907448941,325.5038216148238,366.9510158243853,124.57555227005854,356.2143907448941,251.88124964116935,-1.5707963267948966,-0.9792132264005626,33.89521488385939,4.820766078092624,True
PXL_20260602_210739662.TS_dish1.mp4,10859,362.328995662329,530.2592272758484,578.4119510650635,540.3769962787628,419.37888969980264,345.8969005475552,1,244.24672920162791,403.7278043368317,274.92280085731727,497.2898228866842,261.11856861225704,478.8841798932706,1.7916250965242448,0.6988398806433778,62.61198078426623,24.217341145286124,False
PXL_20260602_210739662.TS_dish1.mp4,10859,362.328995662329,530.2592272758484,578.4119510650635,540.3769962787628,419.37888969980264,345.8969005475552,2,262.6523721950415,379.18694701228026,305.59887251300665,129.17696301841198,279.52421160567064,273.354499800152,-1.7288862979165824,-0.4784942038439924,71.64218972688441,1.193310622199787,True
PXL_20260602_210739662.TS_dish1.mp4,10859,362.328995662329,530.2592272758484,578.4119510650635,540.3769962787628,419.37888969980264,345.8969005475552,3,313.26789042692894,419.0658401646764,95.4677816715346,325.5038216148238,207.4354432148007,366.9165183500045,-0.45783372101896447,0.09885234529421329,31.89576211348495,5.934370160927889,True
PXL_20260602_210739662.TS_dish1.mp4,10859,362.328995662329,530.2592272758484,578.4119510650635,540.3769962787628,419.37888969980264,345.8969005475552,4,695.1849825402613,242.67842814446257,804.0850369179585,153.71782034296342,744.2666971893643,227.34039231661785,-2.838707785214821,-2.7916926065849315,2.693771308546333,33.55211647750914,False
PXL_20260602_210739662.TS_dish1.mp4,10859,362.328995662329,530.2592272758484,578.4119510650635,540.3769962787628,419.37888969980264,345.8969005475552,5,791.8146082556829,922.1534153179816,762.6723401827779,1001.911201622774,778.0103760106226,972.7689335498692,1.3045442776439715,2.0904460402448435,45.02885410892234,12.503421898002339,True
PXL_20260602_210739662.TS_dish1.mp4,17534,585.0517183850517,530.2592325210571,578.4119453430176,540.3769965171814,335.0196926466569,367.37015070653774,0,457.2173412371346,371.86432700937274,462.1940888793503,319.6084767661079,463.43827578990425,355.68989717217175,-1.9379701606131194,-3.0508876871038653,63.76547721405871,23.012445036304015,False
PXL_20260602_210739662.TS_dish1.mp4,17534,585.0517183850517,530.2592325210571,578.4119453430176,540.3769965171814,335.0196926466569,367.37015070653774,1,519.4266867648308,267.35262652284314,472.1475841637817,253.66657050674996,495.78713546430623,267.35262652284314,-0.0,-2.585063072384877,148.11320382277506,30.06858282186248,False
PXL_20260602_210739662.TS_dish1.mp4,17534,585.0517183850517,530.2592325210571,578.4119453430176,540.3769965171814,335.0196926466569,367.37015070653774,2,270.3213901089639,366.9165183500045,78.59594226090545,327.0376251976084,199.76642530087835,342.3756610254529,-0.3347368373168154,-0.1827361320059946,8.7089988973218,11.96474598660407,True
PXL_20260602_210739662.TS_dish1.mp4,17534,585.0517183850517,530.2592325210571,578.4119453430176,540.3769965171814,335.0196926466569,367.37015070653774,3,277.9904080228862,336.2404466943151,281.0580151884551,475.81657272770167,271.85519369174835,397.59259000569386,1.4711276743037354,0.44627730010187566,58.71960107416965,12.420429945256508,True
PXL_20260602_210739662.TS_dish1.mp4,17534,585.0517183850517,530.2592325210571,578.4119453430176,540.3769965171814,335.0196926466569,367.37015070653774,4,779.5441795934071,946.6942726425332,762.6723401827779,998.8435944572052,771.8751616794848,974.3027371326536,1.2998494764564783,2.194671796659016,51.269542361709355,5.0319342228293875,True
PXL_20260602_210739662.TS_dish1.mp4,17534,585.0517183850517,530.2592325210571,578.4119453430176,540.3769965171814,335.0196926466569,367.37015070653774,5,371.46404229691575,319.0103563488757,376.4407899391315,139.84744122911056,377.6849768496854,239.38239407342456,-1.6487629606264396,-1.8925658578303353,13.968877042845083,5.183319006859721,True
PXL_20260602_210739662.TS_dish1.mp4,17534,585.0517183850517,530.2592325210571,578.4119453430176,540.3769965171814,335.0196926466569,367.37015070653774,6,288.1035192898029,316.5219825277678,312.98725750088136,144.8241888713263,288.1035192898029,241.8707678945324,-1.5707963267948966,-1.2130466372861968,20.497547330964135,14.381394591090604,True
PXL_20260602_210739662.TS_dish1.mp4,16706,557.4240907574241,530.2592334747314,578.4119453430176,540.3769960403442,335.0196926466569,367.37015070653774,0,435.21340814319734,263.86769434541424,551.7824804348168,276.13812300769,487.3627299578693,263.86769434541424,-3.141592653589793,-2.544823714094808,34.19234157756065,10.784297867562659,True
PXL_20260602_210739662.TS_dish1.mp4,16706,557.4240907574241,530.2592334747314,578.4119453430176,540.3769960403442,335.0196926466569,367.37015070653774,1,429.0781938120595,368.1663379747581,499.633158620145,404.97762396158527,459.7542654677488,378.90296305424937,2.8049178342030654,3.049395948539353,14.00756413478606,13.88846544020387,True
PXL_20260602_210739662.TS_dish1.mp4,16706,557.4240907574241,530.2592334747314,578.4119453430176,540.3769960403442,335.0196926466569,367.37015070653774,2,354.68058716210953,296.36155354191897,373.08623015552314,118.4403379389207,351.6129799965406,221.20517798548008,-1.5300026439270316,-1.6838367472393776,8.814044864976905,14.139740066907345,True
PXL_20260602_210739662.TS_dish1.mp4,16706,557.4240907574241,530.2592334747314,578.4119453430176,540.3769960403442,335.0196926466569,367.37015070653774,3,299.4636581818687,420.5996437474609,98.53538883710354,330.10523236317727,204.36783604923176,360.78130401886654,-0.5614936632670999,-0.05038787576833094,29.284204508389777,16.006717976287764,True
PXL_20260602_210739662.TS_dish1.mp4,16706,557.4240907574241,530.2592334747314,578.4119453430176,540.3769960403442,335.0196926466569,367.37015070653774,4,281.0580151884551,417.53203658189193,279.52421160567064,478.8841798932706,276.4566044401017,463.5461440654259,1.4711276743037351,1.0238468220551378,25.627305090859174,17.020525611519727,True
PXL_20260602_210739662.TS_dish1.mp4,16706,557.4240907574241,530.2592334747314,578.4119453430176,540.3769960403442,335.0196926466569,367.37015070653774,5,790.2808046728984,932.890040397473,773.4089652622692,998.8435944572052,778.0103760106226,971.2351299670846,1.2610933822524395,2.2037135273191115,54.00815599632973,8.282349417031474,True
PXL_20260602_210739662.TS_dish1.mp4,16706,557.4240907574241,530.2592334747314,578.4119453430176,540.3769960403442,335.0196926466569,367.37015070653774,6,270.6849025420479,360.06852439715516,309.25469676921955,144.82418887132633,269.44071563149396,305.3243003327825,-1.5480729659532553,-0.7577215384975602,45.28380112535138,15.233641914381879,True
PXL_20260602_210739662.TS_dish1.mp4,16706,557.4240907574241,530.2592334747314,578.4119453430176,540.3769960403442,335.0196926466569,367.37015070653774,7,351.557051728053,317.76616943832175,285.615145468695,290.39405740613546,342.8477433541756,291.63824431668934,-1.2490457723982558,-1.6737958305844183,24.336385682003254,70.31968691030977,False
PXL_20260602_210739662.TS_dish1.mp4,455,15.18184851518185,530.2592344284058,578.4119453430176,540.3769955635071,476.1296222628279,559.0955985545962,0,498.8581239438496,86.23046270044685,296.3960510162998,124.57555227005857,411.4313197251349,100.0346949455071,0.15660187698201578,-1.4307822935063739,90.95041343485985,3.0699485279885503,True
PXL_20260602_210739662.TS_dish1.mp4,455,15.18184851518185,530.2592344284058,578.4119453430176,540.3769955635071,476.1296222628279,559.0955985545962,1,21.845209697880165,435.9376795753056,52.52128135356952,527.9658945423737,40.25085269129377,475.8165727277017,2.0032041023654346,-0.188784876825175,125.59171724681157,11.534620653644742,True
PXL_20260602_210739662.TS_dish1.mp4,455,15.18184851518185,530.2592344284058,578.4119453430176,540.3769955635071,476.1296222628279,559.0955985545962,2,57.12269210192292,725.8265567215699,207.4354432148007,955.8970941392402,106.20440675102586,836.2604146820518,1.9890206563741248,0.6430180765139606,77.12026703970793,16.27386933469571,True
PXL_20260602_210739662.TS_dish1.mp4,455,15.18184851518185,530.2592344284058,578.4119453430176,540.3769955635071,476.1296222628279,559.0955985545962,3,290.26083668516196,1031.053469695679,351.6129799965406,1008.0464159539118,317.8693011752823,1015.7154338678343,-2.634494149197455,1.2371617089570548,138.17045960064567,16.250338033790182,True
PXL_20260602_210739662.TS_dish1.mp4,455,15.18184851518185,530.2592344284058,578.4119453430176,540.3769955635071,476.1296222628279,559.0955985545962,4,776.4765724278382,948.2280762253176,771.8751616794848,1009.5802195366964,774.9427688450537,978.9041478810072,1.5208379310729545,2.189387529699084,38.30507039644241,2.8481879113879263,True
PXL_20260602_210739662.TS_dish1.mp4,455,15.18184851518185,530.2592344284058,578.4119453430176,540.3769955635071,476.1296222628279,559.0955985545962,5,788.2666573324803,246.8475155367481,866.6504326973776,263.02194537394905,816.8829562752206,256.80101082117943,2.8068558162729804,-2.4159303032098163,60.756398054126876,12.05399167690882,True
PXL_20260602_210739662.TS_dish1.mp4,455,15.18184851518185,530.2592344284058,578.4119453430176,540.3769955635071,476.1296222628279,559.0955985545962,6,627.7665458710242,168.46374017185084,563.0688265222201,95.05671244916932,597.9060600177299,128.64975903412525,-0.9272952180016117,-1.8464992885582785,52.66651375414255,9.171729030165913,True
PXL_20260602_210739662.TS_dish1.mp4,7427,247.8144811478145,530.2592344284058,578.4119453430176,540.3769955635071,402.5070502891735,399.5800259450116,0,254.414874816845,445.2713547320543,101.37988481871234,543.5621206658143,166.07760416751637,471.3992798536867,0.2875758307804471,0.29490835284197114,0.42012256731189823,31.645249068427734,False
PXL_20260602_210739662.TS_dish1.mp4,7427,247.8144811478145,530.2592344284058,578.4119453430176,540.3769955635071,402.5070502891735,399.5800259450116,1,723.5684817066772,150.36622921936367,812.5290895081764,174.90708654391517,751.1769461967976,148.83242563657922,-3.0860941483440767,-2.518126517025775,32.54214817458104,26.20532212839225,False
PXL_20260602_210739662.TS_dish1.mp4,7427,247.8144811478145,530.2592344284058,578.4119453430176,540.3769955635071,402.5070502891735,399.5800259450116,2,300.9974617646533,419.0658401646764,98.53538883710354,319.36860728368595,231.9763005393522,382.2545541778492,-0.48995732625372795,-0.10124993283353495,22.271293108508324,2.839655612644561,True
PXL_20260602_210739662.TS_dish1.mp4,7427,247.8144811478145,530.2592344284058,578.4119453430176,540.3769955635071,402.5070502891735,399.5800259450116,3,268.78758652617944,376.1193398467112,294.86224743351534,144.51499884625667,281.0580151884551,308.63198220419474,-1.750649826587374,-0.6427696287220713,63.476859543800394,5.496892505735511,True
PXL_20260602_210739662.TS_dish1.mp4,7427,247.8144811478145,530.2592344284058,578.4119453430176,540.3769955635071,402.5070502891735,399.5800259450116,4,348.5453728309717,351.5784825221598,379.2214444866611,118.4403379389207,386.8904624005834,224.272785151049,-1.8633580931987441,-1.481949596477102,21.853097132579382,20.907178202937004,False
PXL_20260602_210739662.TS_dish1.mp4,7427,247.8144811478145,530.2592344284058,578.4119453430176,540.3769955635071,402.5070502891735,399.5800259450116,5,293.0802669320186,458.35929033091514,403.81290197131784,672.35943894619,356.53379937026875,549.1849348013516,2.180602328242165,1.2726578748274222,52.021385212977144,13.940591170290022,True
PXL_20260602_210739662.TS_dish1.mp4,7427,247.8144811478145,530.2592344284058,578.4119453430176,540.3769955635071,402.5070502891735,399.5800259450116,6,793.2434049746961,939.8596247152838,764.6271060319558,1007.0457178851956,784.5340966008185,982.1619796741172,1.3677511095414299,2.151201827967286,44.88841962229381,27.026174255149627,False
PXL_20260602_210739662.TS_dish1.mp4,25757,859.4260927594261,530.2592344284058,578.4119453430176,540.3769955635071,272.312977183305,344.07092500840116,0,780.7059379811549,905.6205116370064,765.7756950545079,991.469408465227,764.5315081439539,955.3879880591631,1.2565644277105583,2.24868610555596,56.844384903979446,19.97909561679539,True
PXL_20260602_210739662.TS_dish1.mp4,25757,859.4260927594261,530.2592344284058,578.4119453430176,540.3769955635071,272.312977183305,344.07092500840116,1,285.6594259368086,394.5249828401248,87.79876375761225,334.70664311153064,204.36783604923176,409.8630186679695,0.18648690166721751,0.769300466317421,33.392757497431624,43.49627919807086,False
PXL_20260602_210739662.TS_dish1.mp4,25757,859.4260927594261,530.2592344284058,578.4119453430176,540.3769955635071,272.312977183305,344.07092500840116,2,296.3960510162998,139.91358809790324,368.48481940716977,98.50089136272264,319.4031047580669,126.10935585284308,-2.601173153319212,-1.7835738204498917,46.844991106123786,1.6060029892820127,True
PXL_20260602_210739662.TS_dish1.mp4,25757,859.4260927594261,530.2592344284058,578.4119453430176,540.3769955635071,272.312977183305,344.07092500840116,3,250.3819435327658,300.96296429027234,317.8693011752823,297.8953571247034,293.3284438507309,294.8277499591345,-2.99969559898563,-1.9741644831853358,58.75860469469895,15.255118703057695,True
PXL_20260602_210739662.TS_dish1.mp4,25757,859.4260927594261,530.2592344284058,578.4119453430176,540.3769955635071,272.312977183305,344.07092500840116,4,451.09200457236693,411.08018772986605,429.94082709295026,460.847664152023,434.9175747351659,450.8941688675917,1.1849136573968229,2.560346514435143,78.80649771191646,4.455602833326182,True
PXL_20260602_210739662.TS_dish1.mp4,7640,254.9215882549216,530.2592344284058,578.4119453430176,540.3769955635071,399.2200420598053,385.1290930566806,0,343.99633237672754,345.7364018877403,380.0777527827913,139.20137473578887,367.6358836772521,242.46888831176463,-1.7958346132875016,-1.3529164654800436,25.37734053911892,6.023751736667892,True
PXL_20260602_210739662.TS_dish1.mp4,7640,254.9215882549216,530.2592344284058,578.4119453430176,540.3769955635071,399.2200420598053,385.1290930566806,1,265.5458539675458,377.0448668328528,307.84820892637924,139.40516691705324,286.69703144696246,258.84711033022995,-1.7478694815737716,-0.842950467613642,51.84804030105545,0.10352079836677447,True
PXL_20260602_210739662.TS_dish1.mp4,7640,254.9215882549216,530.2592344284058,578.4119453430176,540.3769955635071,399.2200420598053,385.1290930566806,2,307.84820892637924,423.07978252334794,100.06899486387388,332.25413805291146,215.7783775453888,379.53324065396055,-0.4417931655174439,-0.030495349344600863,23.565628989651472,3.0878533507605983,True
PXL_20260602_210739662.TS_dish1.mp4,7640,254.9215882549216,530.2592344284058,578.4119453430176,540.3769955635071,399.2200420598053,385.1290930566806,3,286.69703144696246,464.1379505716274,384.9877973807224,674.4055384552406,341.44125551133516,557.4519688631717,2.1013542138243446,1.247282419029729,48.93470924289479,9.976394689442712,True
PXL_20260602_210739662.TS_dish1.mp4,7640,254.9215882549216,530.2592344284058,578.4119453430176,540.3769955635071,399.2200420598053,385.1290930566806,4,259.3249194147761,447.9635207344264,97.58062104276604,548.7426604892943,212.04581681372704,490.2658756932598,0.7298996581517312,0.5117856811985285,12.497010332232213,14.759063742662478,True
PXL_20260602_210739662.TS_dish1.mp4,7640,254.9215882549216,530.2592344284058,578.4119453430176,540.3769955635071,399.2200420598053,385.1290930566806,5,785.6159778328896,934.4406027610108,758.2438658007032,1002.8708828414766,770.6857349062425,975.4987708092902,1.2220253232109886,2.1324163457818335,52.161563299908686,4.4608482585164735,True
PXL_20260602_210739662.TS_dish1.mp4,7640,254.9215882549216,530.2592344284058,578.4119453430176,540.3769955635071,399.2200420598053,385.1290930566806,6,729.789872536446,165.97536635074297,806.9294609907893,188.37073074071364,773.3364144058332,172.1963009035126,2.999695598985629,-2.624156915436369,37.77698631958359,17.579851426655274,True
PXL_20260602_210739662.TS_dish1.mp4,20106,670.8708708708709,530.2592344284058,578.4119453430176,540.3769955635071,271.0687902727512,352.78023338227854,0,551.7824804348168,389.63958813374046,596.2627843355665,317.55081974287043,560.9853019315237,354.3621057296977,-1.8259787174157194,3.1361364046836964,75.69174604566031,29.16025077623675,False
PXL_20260602_210739662.TS_dish1.mp4,20106,670.8708708708709,530.2592344284058,578.4119453430176,540.3769955635071,271.0687902727512,352.78023338227854,1,233.19698954694735,324.7890165895877,299.1388958063053,479.0681934982743,234.44117645750129,399.4402312228232,1.5874614505088376,0.9052753075806533,39.086386832093304,38.139017632357294,False
PXL_20260602_210739662.TS_dish1.mp4,20106,670.8708708708709,530.2592344284058,578.4119453430176,540.3769955635071,271.0687902727512,352.78023338227854,2,183.4295131247904,302.39365219961746,311.58076491184454,139.40516691705346,254.34816702636405,241.42849358247528,-2.431523381020686,-1.4217494996629683,57.85578166434113,20.024665348881456,False
PXL_20260602_210739662.TS_dish1.mp4,20106,670.8708708708709,530.2592344284058,578.4119453430176,540.3769955635071,271.0687902727512,352.78023338227854,3,453.41807271499187,184.19589569699485,342.68543767569264,103.32374651098972,408.62734393505065,146.8702883803771,-0.694738276196704,-2.159757404500201,83.9394129577252,6.365701886482989,True
PXL_20260602_210739662.TS_dish1.mp4,20106,670.8708708708709,530.2592344284058,578.4119453430176,540.3769955635071,271.0687902727512,352.78023338227854,4,780.639230190674,900.8475561760556,742.0694359635023,1000.3825090203692,759.4880527112573,953.1034064193202,1.1861916119726823,2.25377143369021,61.1678180777432,1.8113675089773211,True
PXL_20260602_210739662.TS_dish1.mp4,20106,670.8708708708709,530.2592344284058,578.4119453430176,540.3769955635071,271.0687902727512,352.78023338227854,5,274.4174632737097,289.1498704955815,321.6965658747588,314.03360870666,300.5453883953421,299.1033657800129,2.77761369708015,-2.0729859433889892,82.08111249344378,14.363134928614512,True
PXL_20260602_210739662.TS_dish1.mp4,23623,788.2215548882216,530.2592334747314,578.4119453430176,540.3769960403442,271.0687902727512,352.78023338227854,0,257.29219254019915,375.8353558886803,189.80483489768255,357.42971289526673,220.4809065533719,411.1128382927231,0.7641247773733877,0.8563830510219801,5.286009705227364,104.03624346792654,False
PXL_20260602_210739662.TS_dish1.mp4,23623,788.2215548882216,530.2592334747314,578.4119453430176,540.3769960403442,271.0687902727512,352.78023338227854,1,90.10760201669216,328.2874448223619,294.10347852702637,470.93117802131735,197.4738528116049,418.7818562066455,2.44126003016099,0.7310570041743215,97.98741549953837,11.771141792471191,True
PXL_20260602_210739662.TS_dish1.mp4,23623,788.2215548882216,530.2592334747314,578.4119453430176,540.3769960403442,271.0687902727512,352.78023338227854,2,467.4232833816712,406.5114275443696,485.8289263750848,325.2198376567929,475.0923012955935,371.23394514032685,-1.7848570103587167,3.051389157419205,82.90350590000682,0.8692485785040687,True
PXL_20260602_210739662.TS_dish1.mp4,23623,788.2215548882216,530.2592334747314,578.4119453430176,540.3769960403442,271.0687902727512,352.78023338227854,3,258.8259961229836,279.20573017325887,172.9329954870534,246.9958549347851,266.49501403690596,196.3803367028977,-1.6631256615264958,-1.5415605463195425,6.965168037380043,123.70274264844385,False
PXL_20260602_210739662.TS_dish1.mp4,23623,788.2215548882216,530.2592334747314,578.4119453430176,540.3769960403442,271.0687902727512,352.78023338227854,4,370.79365766624977,207.1169617823889,333.9823716794225,131.96058622595,379.9964791629565,168.77187221277725,-1.8063413075157588,-2.1052915366512766,17.128586413934062,64.83592502670565,False
PXL_20260602_210739662.TS_dish1.mp4,23623,788.2215548882216,530.2592334747314,578.4119453430176,540.3769960403442,271.0687902727512,352.78023338227854,5,787.9882321836249,900.396181200968,745.0417318656598,1029.2356821548635,758.84596411072,964.8159316779156,1.1459641638755547,2.243690056292701,62.89506069773435,12.246332859680422,True
PXL_20260602_210739662.TS_dish1.mp4,15273,509.6096096096096,530.2592339515686,578.4119453430176,540.3769958019257,344.4758179954327,350.29185956117067,0,357.6156806023398,293.6843438257402,381.2552319028643,135.67260618539177,373.79011043954074,215.30056846084292,-1.7742893720524582,-1.7846331880881303,0.5926570029037561,6.303467610667729,True
PXL_20260602_210739662.TS_dish1.mp4,15273,509.6096096096096,530.2592339515686,578.4119453430176,540.3769958019257,344.4758179954327,350.29185956117067,1,372.5459235289868,284.97503545186265,264.30166231079545,292.44015691518615,306.6040172696289,294.92853073629396,0.14981245657289635,-0.9708491163440384,64.2091783906327,11.950082143543638,True
PXL_20260602_210739662.TS_dish1.mp4,15273,509.6096096096096,530.2592339515686,578.4119453430176,540.3769958019257,344.4758179954327,350.29185956117067,2,259.3249146685798,349.6727548006666,319.0458863751681,144.38191455926918,287.94121361132,238.94011976136736,-1.8236903918904934,-1.1009982411559498,41.40721012432165,3.7187218766964167,True
PXL_20260602_210739662.TS_dish1.mp4,15273,509.6096096096096,530.2592339515686,578.4119453430176,540.3769958019257,344.4758179954327,350.29185956117067,3,290.42958743242787,369.5797453695295,82.65037336992255,327.2773904106959,218.26674662030027,362.11462390620585,-0.10308160852270194,0.09340345188627797,11.257764698807582,8.50054404266632,True
PXL_20260602_210739662.TS_dish1.mp4,15273,509.6096096096096,530.2592339515686,578.4119453430176,540.3769958019257,344.4758179954327,350.29185956117067,4,299.1388958063053,363.35881081675984,280.4760921479965,467.8705113032895,307.84820418018285,414.37047414947074,1.7398975527962752,1.051517724643383,39.441258855101616,36.784339054118696,False
PXL_20260602_210739662.TS_dish1.mp4,15273,509.6096096096096,530.2592339515686,578.4119453430176,540.3769958019257,344.4758179954327,350.29185956117067,5,450.9296988938841,348.42856789011284,531.8018480798892,270.04479252521566,458.39482035720766,297.41690455740195,-1.716106337430599,-2.7070380634814724,56.776205688328936,61.22480205878058,False
PXL_20260602_210739662.TS_dish1.mp4,15273,509.6096096096096,530.2592339515686,578.4119453430176,540.3769958019257,344.4758179954327,350.29185956117067,6,786.8601647434436,939.4173504032271,743.3136228740563,1012.8243781259088,780.639230190674,975.4987708092908,1.4000611153196116,2.1799302540892134,44.683210224000504,35.21759296819241,False
PXL_20260602_210739662.TS_dish1.mp4,22394,747.2138805472139,530.2592334747314,578.4119453430176,540.3769960403442,252.4059866144424,349.0476726506167,0,434.755269056683,281.2424747202009,467.1041287310851,389.4867359383924,444.7087643411145,332.2541380529118,1.7634970854572838,-3.0544850292857584,83.94995905570855,10.32968208901928,True
PXL_20260602_210739662.TS_dish1.mp4,22394,747.2138805472139,530.2592334747314,578.4119453430176,540.3769960403442,252.4059866144424,349.0476726506167,1,246.88304556304055,299.90527837850965,282.9644659691043,151.8470360225927,264.30166231079545,255.11454959856843,-1.9416876156075586,-1.6967656060602156,14.03299745692562,11.006418060674587,True
PXL_20260602_210739662.TS_dish1.mp4,22394,747.2138805472139,530.2592334747314,578.4119453430176,540.3769960403442,252.4059866144424,349.0476726506167,2,421.0692130405899,93.37025122655837,302.8714565379671,143.13772764871524,368.81336279732506,118.2539894376368,0.44441920990109807,-2.037940612783837,142.22874107269016,4.788920300997707,True
PXL_20260602_210739662.TS_dish1.mp4,22394,747.2138805472139,530.2592334747314,578.4119453430176,540.3769960403442,252.4059866144424,349.0476726506167,3,260.5691015791337,415.6146610600246,96.33642938601572,324.789016589588,180.94113930368255,385.75417520673034,-0.3587706702705733,0.47449220190756164,47.74244580075612,15.22003249831116,True
PXL_20260602_210739662.TS_dish1.mp4,22394,747.2138805472139,530.2592334747314,578.4119453430176,540.3769960403442,252.4059866144424,349.0476726506167,4,223.243494262516,338.4750726056813,285.4528397902122,476.57981967716694,213.28999897808455,408.149539596701,1.4288992721907317,0.9861426154022012,25.3680877853051,54.65087201529976,False
PXL_20260602_210739662.TS_dish1.mp4,22394,747.2138805472139,530.2592334747314,578.4119453430176,540.3769960403442,252.4059866144424,349.0476726506167,5,775.6624825484582,908.312677639379,750.7787443373797,995.4057613781538,766.9531741745808,936.9289765821192,1.275355489651177,2.2897718279582358,58.12177485410955,1.4662953237051424,True
PXL_20260602_210739662.TS_dish1.mp4,23415,781.2812812812813,530.2592306137085,578.4119472503662,540.3769965171814,252.4059866144424,349.0476726506167,0,763.220613442919,907.0684907288238,750.7787443373797,987.9406399148288,753.2671181584876,944.3940980454416,1.3101939350475569,2.270214105431717,55.005104010442565,11.66092925495387,True
PXL_20260602_210739662.TS_dish1.mp4,23415,781.2812812812813,530.2592306137085,578.4119472503662,540.3769965171814,252.4059866144424,349.0476726506167,1,241.9062979208248,288.70759618352434,276.7435314163347,154.33540984370052,261.8132884896876,248.8936150457988,-2.0344439357957027,-1.6644498664949372,21.199098615804747,17.592424562181606,True
PXL_20260602_210739662.TS_dish1.mp4,23415,781.2812812812813,530.2592306137085,578.4119472503662,540.3769965171814,252.4059866144424,349.0476726506167,2,256.83654084747195,388.24254902783827,185.91788694589823,360.87043699565186,215.77837279919245,403.1727919544854,0.34877100358390745,0.9758651799516314,35.92984966310308,74.76551355370732,False
PXL_20260602_210739662.TS_dish1.mp4,23415,781.2812812812813,530.2592306137085,578.4119472503662,540.3769965171814,252.4059866144424,349.0476726506167,3,102.55736393878534,331.0099511423577,292.91796125353574,476.57981967716694,180.94113930368255,403.1727919544853,2.397493308561951,0.6481993607725637,100.22716033611007,9.38668425920833,True
PXL_20260602_210739662.TS_dish1.mp4,23415,781.2812812812813,530.2592306137085,578.4119472503662,540.3769965171814,252.4059866144424,349.0476726506167,4,373.9524161180236,230.67308569954704,327.91750042752847,121.18463757080173,370.2198553863619,170.95211399295872,-1.5083775167989406,-2.1552277550756593,37.06178863028765,36.7882021981001,False
PXL_20260602_210739662.TS_dish1.mp4,15422,514.5812479145812,530.2592272758484,578.4119510650635,540.3769962787628,334.5223227110013,356.51279411394034,0,300.38308271685924,374.55649301174515,97.58061629656964,328.5215773212498,199.6039429619914,372.0681191906372,-0.0246863420556002,0.11478751177632172,7.991263176993663,21.69978477192465,False
PXL_20260602_210739662.TS_dish1.mp4,15422,514.5812479145812,530.2592272758484,578.4119510650635,540.3769962787628,334.5223227110013,356.51279411394034,1,296.65052198519754,359.62625008509804,289.185400521874,456.6728291083041,287.94121361132005,419.3472217916864,1.4259838285559572,0.9328665034372826,28.253541534080505,10.206297402833295,True
PXL_20260602_210739662.TS_dish1.mp4,15422,514.5812479145812,530.2592272758484,578.4119510650635,540.3769962787628,334.5223227110013,356.51279411394034,2,275.49934450578075,298.66109146795577,299.1388958063053,141.8935407381613,271.766783774119,241.42849358247528,-1.505671163460511,-1.0715682532511983,24.872264629340147,19.10764824798657,True
PXL_20260602_210739662.TS_dish1.mp4,15422,514.5812479145812,530.2592272758484,578.4119510650635,540.3769962787628,334.5223227110013,356.51279411394034,3,360.10405442344756,291.19597000463233,265.5458492213494,307.37039984183315,324.0226340173838,293.68434382574014,0.06885648930104368,-1.4052097272400181,84.45777293062015,9.227367194289227,True
PXL_20260602_210739662.TS_dish1.mp4,15422,514.5812479145812,530.2592272758484,578.4119510650635,540.3769962787628,334.5223227110013,356.51279411394034,4,356.3714936917859,282.4866616307548,382.49941881341823,112.0330548848672,362.59242824455544,202.85869935530368,-1.6487629606264382,-1.751487564362366,5.885686246222468,7.895333354325075,True
PXL_20260602_210739662.TS_dish1.mp4,15422,514.5812479145812,530.2592272758484,578.4119510650635,540.3769962787628,334.5223227110013,356.51279411394034,5,422.31339995114377,278.7541008990931,526.8251004376734,268.8006056146617,463.3715679994233,268.80060561466166,-2.903756726132342,-2.5439135820007945,20.617493445455437,13.626994859891598,True
PXL_20260602_210739662.TS_dish1.mp4,15422,514.5812479145812,530.2592272758484,578.4119510650635,540.3769962787628,334.5223227110013,356.51279411394034,6,774.4182956379044,924.48710747658,758.2438658007034,980.4755184515066,785.6159778328897,940.6615373137812,2.176340990399862,2.22836971442265,2.981026299956691,69.20367651890226,False
PXL_20260602_210739662.TS_dish1.mp4,17882,596.6633299966634,530.2592272758484,578.4119510650635,540.3769962787628,319.5920797843542,378.90815850391107,0,271.76678377411906,403.17279195448543,90.1154948332461,337.23088569512726,187.16207385645217,357.1378762639902,-0.49831579421030575,-0.16293356278639026,19.21598638427022,16.959216462668998,True
PXL_20260602_210739662.TS_dish1.mp4,17882,596.6633299966634,530.2592272758484,578.4119510650635,540.3769962787628,319.5920797843542,378.90815850391107,1,275.49934450578075,352.16112862177454,306.60401726962886,129.4516716326221,276.7435314163347,248.8936150457988,-1.5828439366490827,-1.2524389792719774,18.930809587907987,13.345966270061368,True
PXL_20260602_210739662.TS_dish1.mp4,17882,596.6633299966634,530.2592272758484,578.4119510650635,540.3769962787628,319.5920797843542,378.90815850391107,2,331.4877554807074,309.8587736629411,268.03422304245726,301.1494652890636,310.3365780012906,303.6378391101715,-0.2860514417173147,-1.4484470032795445,66.60035980225503,13.023079670604679,True
PXL_20260602_210739662.TS_dish1.mp4,17882,596.6633299966634,530.2592272758484,578.4119510650635,540.3769962787628,319.5920797843542,378.90815850391107,3,343.92962458624663,309.8587736629411,373.79011043954074,123.23073707985252,337.70869003347696,230.23081138748995,-1.4928296929633535,-1.692050415843231,11.414506612562322,23.101743938835707,False
PXL_20260602_210739662.TS_dish1.mp4,17882,596.6633299966634,530.2592272758484,578.4119510650635,540.3769962787628,319.5920797843542,378.90815850391107,4,449.6855119833301,273.7773532568774,513.1390444215803,255.1145495985686,470.8366894627469,265.06804488299997,-2.7509856098921093,-2.496372975388747,14.588229367749653,9.139615136772218,True
PXL_20260602_210739662.TS_dish1.mp4,17882,596.6633299966634,530.2592272758484,578.4119510650635,540.3769962787628,319.5920797843542,378.90815850391107,5,266.7900361319033,401.92860504393144,287.94121361132005,476.57981967716694,279.23190523744256,444.2309600027649,1.8568477685122144,1.0173497781740972,48.09969175608847,1.321052174542537,True
PXL_20260602_210739662.TS_dish1.mp4,17882,596.6633299966634,530.2592272758484,578.4119510650635,540.3769962787628,319.5920797843542,378.90815850391107,6,779.39504328012,944.3940980454428,766.9531741745808,1004.1150697520312,771.9299218167965,980.4755184515066,1.3667783472023491,2.215532869108256,48.630051947852444,0.1992888641888908,True
PXL_20260602_210739662.TS_dish1.mp4,14973,499.5995995995996,530.2592272758484,578.4119510650635,540.3769962787628,319.5920797843542,378.90815850391107,0,367.5691758867712,279.998287809647,261.8132884896876,301.1494652890636,327.7551947490456,282.4866616307547,0.06241880999595362,-1.6552556620401977,98.41549782503341,12.226179578938387,True
PXL_20260602_210739662.TS_dish1.mp4,14973,499.5995995995996,530.2592272758484,578.4119510650635,540.3769962787628,319.5920797843542,378.90815850391107,1,268.03422304245726,335.98669878457343,305.3598303590749,145.6261014698231,276.7435314163347,243.91686740358307,-1.6651102781220768,-1.2634380864733643,23.014121329241178,10.828559300906493,True
PXL_20260602_210739662.TS_dish1.mp4,14973,499.5995995995996,530.2592272758484,578.4119510650635,540.3769962787628,319.5920797843542,378.90815850391107,2,290.42958743242787,369.5797453695295,101.31317702823142,331.0099511423577,204.58069060420712,339.71925951623524,-0.3347368373168158,-0.32840104035779866,0.36301442560349445,14.358241947718085,True
PXL_20260602_210739662.TS_dish1.mp4,14973,499.5995995995996,530.2592272758484,578.4119510650635,540.3769962787628,319.5920797843542,378.90815850391107,3,294.1621481640897,363.35881081675984,285.4528397902122,471.6030720349512,282.96446596910437,433.03327780777954,1.4114446858909797,0.9758651799516309,24.95686733271826,12.821562468729931,True
PXL_20260602_210739662.TS_dish1.mp4,14973,499.5995995995996,530.2592272758484,578.4119510650635,540.3769962787628,319.5920797843542,378.90815850391107,4,404.8947832033889,319.8122689473725,519.3599789743499,271.2889794357696,447.19713816222225,297.41690455740195,-2.654693421778525,-2.5732584560743326,4.6658798396428285,7.993521493639812,True
PXL_20260602_210739662.TS_dish1.mp4,14973,499.5995995995996,530.2592272758484,578.4119510650635,540.3769962787628,319.5920797843542,378.90815850391107,5,365.0808020656633,279.998287809647,387.4761664556339,131.94004545373,381.2552319028643,232.71918520859785,-1.9004207342156385,-1.969957161389286,3.9841437994688067,15.353792785818367,True
PXL_20260602_210739662.TS_dish1.mp4,20091,670.3703703703704,530.2592272758484,578.4119510650635,540.3769962787628,278.5339117360748,354.0244202928327,0,193.3830084092218,294.9285307362939,321.53426019627597,143.13772764871524,259.32491466857977,241.42849358247528,-2.4599868306493886,-1.401821941542127,60.62838217477487,18.6166773189232,True
PXL_20260602_210739662.TS_dish1.mp4,20091,670.3703703703704,530.2592272758484,578.4119510650635,540.3769962787628,278.5339117360748,354.0244202928327,1,265.5458492213494,299.90527837850965,235.6853633680552,175.48658732311722,265.5458492213494,251.38198886690665,-1.5707963267948966,-1.4449282929253304,7.211707116335852,21.47679097954038,False
PXL_20260602_210739662.TS_dish1.mp4,20091,670.3703703703704,530.2592272758484,578.4119510650635,540.3769962787628,278.5339117360748,354.0244202928327,2,520.6041658849039,390.7309228489464,594.0111936075854,334.7425118740197,554.1972124698598,370.8239322800835,-2.6066375798036936,3.080725789272017,34.138082394657076,11.53377535873569,True
PXL_20260602_210739662.TS_dish1.mp4,20091,670.3703703703704,530.2592272758484,578.4119510650635,540.3769962787628,278.5339117360748,354.0244202928327,3,463.3715679994233,144.3819145592693,358.8598675128937,104.5679334215436,408.62734393505065,149.35866220148492,0.0906598872007439,-2.1370092369203753,127.63603896374487,47.18164140355144,False
PXL_20260602_210739662.TS_dish1.mp4,20091,670.3703703703704,530.2592272758484,578.4119510650635,540.3769962787628,278.5339117360748,354.0244202928327,4,240.66211101027093,326.03320350014206,299.13889580630536,477.8240065877209,245.63885865248665,436.7658385394413,1.615709922264686,1.192391254127623,24.254373073352834,49.92249817655295,False
PXL_20260602_210739662.TS_dish1.mp4,20091,670.3703703703704,530.2592272758484,578.4119510650635,540.3769962787628,278.5339117360748,354.0244202928327,5,279.23190523744256,415.6146610600247,86.38293410158433,314.83552130515665,189.65044767756,379.5332406539608,-0.3828987170459443,0.2794803063776063,37.95152248016655,10.128911135553993,True
PXL_20260602_210739662.TS_dish1.mp4,20091,670.3703703703704,530.2592272758484,578.4119510650635,540.3769962787628,278.5339117360748,354.0244202928327,6,769.4415479956887,902.0917430866094,755.7554919795955,991.673200646492,761.9764265323652,963.0569017037516,1.4489538897749799,2.241737807836618,45.42317257077715,5.283716321062684,True
PXL_20260602_210739662.TS_dish1.mp4,1128,37.63763763763764,530.2592272758484,578.4119510650635,540.3769962787628,452.72007921362416,533.1873354125978,0,589.0344459653696,168.02146585979392,312.8249518223985,126.96329781151422,438.4878297883448,103.32374651098976,-0.4058887949278137,-1.5376996589342684,64.84798571462503,33.90961750095315,False
PXL_20260602_210739662.TS_dish1.mp4,1128,37.63763763763764,530.2592272758484,578.4119510650635,540.3769962787628,452.72007921362416,533.1873354125978,1,86.38293410158434,577.3589594320347,75.18525190659902,679.3822860974565,87.62712101213825,629.6148096752995,1.5946013529799663,0.2582210467840545,76.56895136942639,15.400170999529378,True
PXL_20260602_210739662.TS_dish1.mp4,1128,37.63763763763764,530.2592272758484,578.4119510650635,540.3769962787628,452.72007921362416,533.1873354125978,2,25.41777548444205,439.25421236054905,46.56895296385876,526.3472960993237,36.615457679427365,466.6263243927354,1.9591150449673622,-0.15861840626595267,121.3371888893429,12.786701449186712,True
PXL_20260602_210739662.TS_dish1.mp4,1128,37.63763763763764,530.2592272758484,578.4119510650635,540.3769962787628,452.72007921362416,533.1873354125978,3,197.11556914088357,936.9289765821188,355.12730678123194,1000.382509020369,284.2086528796583,997.8941351992612,2.530866689200584,1.2229243327929535,74.93957686855298,32.98246638553762,False
PXL_20260602_210739662.TS_dish1.mp4,1128,37.63763763763764,530.2592272758484,578.4119510650635,540.3769962787628,452.72007921362416,533.1873354125978,4,793.2434049746961,269.24287992671873,795.731778795804,184.6381700090519,801.9527133485735,225.69633805733136,-1.7681918866447766,-2.4196695344398953,37.326919665770625,19.9255806581842,True
PXL_20260602_210739662.TS_dish1.mp4,1128,37.63763763763764,530.2592272758484,578.4119510650635,540.3769962787628,452.72007921362416,533.1873354125978,5,788.2666573324803,917.4642603253131,758.4061714791861,988.3829142268868,772.0922274952793,963.4991760158082,1.2329181385546166,2.2092787756545427,55.94134378852996,9.451799567278172,True
PXL_20260602_210739662.TS_dish1.mp4,26735,892.0587253920587,530.2592272758484,578.4119510650635,540.3769962787628,274.80135100441294,385.12909305668074,0,403.6505962928349,148.11447529093098,294.1621481640896,128.20748472206816,,,,,,,False
PXL_20260602_210739662.TS_dish1.mp4,26735,892.0587253920587,530.2592272758484,578.4119510650635,540.3769962787628,274.80135100441294,385.12909305668074,1,342.68543767569264,119.49817634819073,260.56910157913364,275.02154016743117,245.63885865248665,165.53309203868585,0.442925187108322,-1.43876820675736,107.81308980615167,72.38742215707614,False
PXL_20260602_210739662.TS_dish1.mp4,26735,892.0587253920587,530.2592272758484,578.4119510650635,540.3769962787628,274.80135100441294,385.12909305668074,2,261.8132884896876,235.20755902970564,253.10398011581017,358.38206317454404,273.01097068467294,476.57981967716694,1.61715484092159,1.5512212867768034,3.777714380793551,173.09605072307085,False
PXL_20260602_210739662.TS_dish1.mp4,26735,892.0587253920587,530.2592272758484,578.4119510650635,540.3769962787628,274.80135100441294,385.12909305668074,3,240.66211101027093,439.2542123605491,281.72027905855043,433.03327780777954,95.0922424754618,338.4750726056812,-0.6055446636049703,-0.25400135675144864,20.141947798779217,172.1746595562651,False
PXL_20260602_210739662.TS_dish1.mp4,26735,892.0587253920587,530.2592272758484,578.4119510650635,540.3769962787628,274.80135100441294,385.12909305668074,4,170.98764401925115,420.5914087022402,294.1621481640897,306.1262129312794,367.5691758867712,326.0332035001422,-2.69324997191318,-2.5743892692082704,6.810216614950526,139.13894121882743,False
PXL_20260602_210739662.TS_dish1.mp4,26735,892.0587253920587,530.2592272758484,578.4119510650635,540.3769962787628,274.80135100441294,385.12909305668074,5,328.9993816595995,312.34714748404895,770.6857349062426,920.7545467449183,771.9299218167965,1001.6266959309232,2.141951324878724,2.249412704883933,6.157083534950002,148.1566331585762,False
PXL_20260602_210739662.TS_dish1.mp4,26735,892.0587253920587,530.2592272758484,578.4119510650635,540.3769962787628,274.80135100441294,385.12909305668074,6,764.4648003534729,970.5220231670752,,,,,,,,,False
PXL_20260602_183730315.TS_dish0.mp4,81569,2770.4038311313384,452.00823974609375,538.4676513671875,214.60980224609375,494.5920558966773,513.8790402852376,0,463.56140293756647,533.6337108923791,453.32605148425023,585.8878735750989,463.0227002294971,566.4945760846049,1.5544043524868887,1.0303763487584956,30.02459296030269,25.625860231341996,False
PXL_20260602_183730315.TS_dish0.mp4,81569,2770.4038311313384,452.00823974609375,538.4676513671875,214.60980224609375,494.5920558966773,513.8790402852376,1,459.79048398108154,529.8627919358942,392.99134818049134,512.0856025696081,420.4651862920244,523.3983594390629,-0.16292645885037121,0.12772024039635982,16.652829196245843,13.045136588821464,True
PXL_20260602_183730315.TS_dish0.mp4,81569,2770.4038311313384,452.00823974609375,538.4676513671875,214.60980224609375,494.5920558966773,513.8790402852376,2,500.1931870862772,501.3115484082226,531.9766468623644,505.6211700727768,519.5864845767711,504.5437646566383,2.976443976175165,-2.7841427377371915,29.942693773686166,4.492581479915604,True
PXL_20260602_183730315.TS_dish0.mp4,81569,2770.4038311313384,452.00823974609375,538.4676513671875,214.60980224609375,494.5920558966773,513.8790402852376,3,318.65037446693134,691.4736043566768,299.2570769764375,670.464198741975,314.87945551044646,678.0060366549449,-1.2977876237081902,0.7401010450879942,116.76241983955502,48.588425918452785,False
PXL_20260602_183730315.TS_dish0.mp4,27970,949.97113065924,537.7077941894531,543.7270355224609,218.20513153076172,550.0889607691174,549.7116875257107,0,358.67405352107744,552.5601718302134,338.1358288832453,500.9961184841668,337.6988453803127,526.7781451571901,-0.8878420169045732,-0.10756164789990902,44.70677198087777,40.10142148806445,False
PXL_20260602_183730315.TS_dish0.mp4,27970,949.97113065924,537.7077941894531,543.7270355224609,218.20513153076172,550.0889607691174,549.7116875257107,1,377.4643441471792,482.6428113609976,352.5562844800211,510.17277204575134,372.220542111988,492.6934319284474,1.0899090465995607,-0.3102146952840455,80.22118120599487,20.813649086711976,False
PXL_20260602_183730315.TS_dish0.mp4,27970,949.97113065924,537.7077941894531,543.7270355224609,218.20513153076172,550.0889607691174,549.7116875257107,2,576.2918379815117,490.5085144137844,540.4591907410386,501.870085490032,571.4850194492532,503.6180195017624,1.2193515327913522,-2.005384923129742,175.23621103374649,73.08821917827211,False
PXL_20260602_183730315.TS_dish0.mp4,27970,949.97113065924,537.7077941894531,543.7270355224609,218.20513153076172,550.0889607691174,549.7116875257107,3,503.3155929917677,727.7905565061857,475.3486488040814,736.9672100677702,493.26497242431793,733.4713420443095,0.5144513130590308,1.2708933480935176,43.340936053763244,18.434948822922365,True
PXL_20260602_183730315.TS_dish0.mp4,27970,949.97113065924,537.7077941894531,543.7270355224609,218.20513153076172,550.0889607691174,549.7116875257107,4,726.6141363189694,574.846330479776,720.496367277913,625.5364168199575,722.681284792576,599.3174066440015,1.411444685890979,2.8617208280095987,83.09470207191208,4.3665347915526,True
PXL_20260602_183730315.TS_dish0.mp4,145669,4947.491763746901,408.3553237915039,579.7491912841797,218.2050666809082,442.0223978654401,602.9262828949456,0,551.7266386006206,568.412665893753,587.9962693440264,529.9581176356843,581.0045332971047,556.6141113145727,-2.758515588052781,-2.8199405770035515,3.5193926235168536,53.35398163696061,False
PXL_20260602_183730315.TS_dish0.mp4,145669,4947.491763746901,408.3553237915039,579.7491912841797,218.2050666809082,442.0223978654401,602.9262828949456,1,601.5427579349368,560.1099793380336,595.8619723968131,530.8320846415495,598.9208569173413,544.37857323246,-1.4056476493802745,-2.7844390143734428,78.99892604319035,3.262033477397058,True
PXL_20260602_183730315.TS_dish0.mp4,145669,4947.491763746901,408.3553237915039,579.7491912841797,218.2050666809082,442.0223978654401,602.9262828949456,2,437.2369608322797,571.9085339172137,389.6057590126264,545.6895237412577,415.8247691885824,556.6141113145727,-0.620249485982825,-1.0559984163261806,24.966574636014364,12.917812843934268,True
PXL_20260602_183730315.TS_dish0.mp4,145669,4947.491763746901,408.3553237915039,579.7491912841797,218.2050666809082,442.0223978654401,602.9262828949456,3,410.5809671533912,581.5221709817309,352.4621612633555,556.1771278116402,385.2359239833005,569.7236164025508,-0.4356828730309411,-0.5290884813365393,5.351747138762878,2.505850830864924,True
PXL_20260602_183730315.TS_dish0.mp4,145669,4947.491763746901,408.3553237915039,579.7491912841797,218.2050666809082,442.0223978654401,602.9262828949456,4,411.891917662189,588.9508905315851,394.8495610478176,626.9684552867212,395.7235280536828,602.9343626254283,0.7130608328588562,0.00017451247586618076,40.84537743055636,47.06205846137321,False
PXL_20260602_183730315.TS_dish0.mp4,80375,2729.8508983459565,450.7441482543946,534.3326416015625,218.2051048278809,496.431371380437,504.8823900263376,0,467.5755707937178,529.9611189896343,394.3120024962964,510.5678214991405,430.4050839369378,513.2613350394869,-0.42225115345126946,0.12622844150042498,31.425565939776988,19.925315686997806,True
PXL_20260602_183730315.TS_dish0.mp4,80375,2729.8508983459565,450.7441482543946,534.3326416015625,218.2051048278809,496.431371380437,504.8823900263376,1,470.2690843340642,537.5029569026042,446.0274624709468,589.757119585324,456.8015166323323,570.9025248028993,1.1875121790492118,1.0301788948052435,9.014533164111517,7.784317276845856,True
PXL_20260602_183730315.TS_dish0.mp4,80375,2729.8508983459565,450.7441482543946,534.3326416015625,218.2051048278809,496.431371380437,504.8823900263376,2,498.28162515366654,493.86803754899296,540.8391390911393,504.10338900230926,525.7554632651995,496.0228483812701,3.0633215130685145,-2.848187447828262,21.295485986847883,23.693984100414596,False
PXL_20260602_183730315.TS_dish0.mp4,80375,2729.8508983459565,450.7441482543946,534.3326416015625,218.2051048278809,496.431371380437,504.8823900263376,3,367.3768670928326,720.1231749380886,299.5003258761039,674.3334447522002,328.0515694037755,693.7267422426941,-0.5911571672160453,0.8426233162235659,82.14957044931654,0.3153117759860967,True
PXL_20260602_183730315.TS_dish0.mp4,49125,1668.478076282987,450.7441482543946,534.3326416015625,218.2051048278809,472.7284522253888,517.2725523119309,0,434.6002510039097,508.831159573716,335.47895271916303,510.9859704059931,383.4234937373285,511.5246731140623,0.05258306161094049,-0.06427372087313832,6.695400443815994,3.6565332183585464,True
PXL_20260602_183730315.TS_dish0.mp4,49125,1668.478076282987,450.7441482543946,534.3326416015625,218.2051048278809,472.7284522253888,517.2725523119309,1,342.4820879240636,465.19624022010464,290.2279252413439,459.8092131394119,320.9339796012926,454.96088876678846,-0.4434483364197369,-0.3895253848799905,3.089557542115943,34.380344723844715,False
PXL_20260602_183730315.TS_dish0.mp4,49125,1668.478076282987,450.7441482543946,534.3326416015625,218.2051048278809,472.7284522253888,517.2725523119309,2,468.53852161227405,567.0110520451977,438.3711699603946,648.3551609636584,449.1452241217802,620.8813228521253,1.2252407462131856,1.3469913718543207,6.975797002314294,1.6140931203470774,True
PXL_20260602_183730315.TS_dish0.mp4,49125,1668.478076282987,450.7441482543946,534.3326416015625,218.2051048278809,472.7284522253888,517.2725523119309,3,628.5332259088487,478.1251052137672,640.9233881944422,549.2338626789117,623.146198828156,517.4504029028244,1.4346573659417563,3.140410276429977,97.73244266313154,37.01943457466638,False
PXL_20260602_183730315.TS_dish0.mp4,49125,1668.478076282987,450.7441482543946,534.3326416015625,218.2051048278809,472.7284522253888,517.2725523119309,4,434.4339587368203,521.2074617895245,464.6255573235799,557.1498410594764,435.87165390761834,541.3351941806976,1.6421037915801862,0.5783890838801146,60.94636335720613,57.10358947705219,False
PXL_20260602_183730315.TS_dish0.mp4,122084,4146.452467479537,394.29566192626953,580.1556396484375,218.20525741577148,454.1336604069033,573.7210274751906,0,394.925139743557,625.0290338520797,412.2942276177266,576.8209532217312,405.20480399561654,598.4436952691669,-1.9397558730007514,0.467860975918137,137.94628412763868,2.9871189220064123,True
PXL_20260602_183730315.TS_dish0.mp4,122084,4146.452467479537,394.29566192626953,580.1556396484375,218.20525741577148,454.1336604069033,573.7210274751906,1,420.4470647831532,564.7689330641441,360.54143517632315,558.7429229853506,390.67148557029094,559.0973941664561,-0.18822150530477025,-0.22647740924465676,2.19190183721339,10.110260969578041,True
PXL_20260602_183730315.TS_dish0.mp4,122084,4146.452467479537,394.29566192626953,580.1556396484375,218.20525741577148,454.1336604069033,573.7210274751906,2,457.66653879923103,524.3592184181168,489.9234162798318,561.9331636153001,482.47952147661624,537.1201809379149,2.666581897324696,-2.229768417127743,79.45979196432174,46.08464420869884,False
PXL_20260602_183730315.TS_dish0.mp4,122084,4146.452467479537,394.29566192626953,580.1556396484375,218.20525741577148,454.1336604069033,573.7210274751906,3,430.1504881274958,542.58127054007,378.5864347814491,540.8333365283396,408.7382964837984,540.396353025407,-0.10168885176307575,-0.6332463172126271,30.455999338930358,6.656657515813611,True
PXL_20260602_183730315.TS_dish0.mp4,130212,4422.511293006826,394.29566192626953,580.1556396484375,218.20525741577148,443.2090728335883,589.0154500778316,0,445.4449240658149,554.3798251192503,487.3953403473443,560.9345776632392,463.7982311889841,534.7155674872834,-2.3217253891928378,-1.9332222435674815,22.259590571889326,94.9877215150654,False
PXL_20260602_183730315.TS_dish0.mp4,130212,4422.511293006826,394.29566192626953,580.1556396484375,218.20525741577148,443.2090728335883,589.0154500778316,1,418.7889303869264,572.2961487394869,357.1742564734299,560.4975941603066,389.9480191933749,567.9263137101608,-0.15037142800713688,-0.37701698163281155,12.98583366815713,4.155594380737284,True
PXL_20260602_183730315.TS_dish0.mp4,130212,4422.511293006826,394.29566192626953,580.1556396484375,218.20525741577148,443.2090728335883,589.0154500778316,2,438.0162045159607,544.7661880547331,374.2166130878013,546.5141220664634,419.225913889859,540.8333365283397,-0.2063238940297182,-1.1089418222216305,51.716197798238966,19.014958395902724,True
PXL_20260602_183730315.TS_dish0.mp4,130212,4422.511293006826,394.29566192626953,580.1556396484375,218.20525741577148,443.2090728335883,589.0154500778316,3,417.9149633810612,577.9769342776107,392.5699202109705,623.8602020855335,397.376738743229,595.4562743949145,0.7051113481144277,0.13961585239298246,32.400505238497104,39.99489151125079,False
PXL_20260602_183730315.TS_dish0.mp4,107074,3636.6538735862514,394.29566192626953,580.1556396484375,218.20525741577148,446.04484228243234,559.9488132271804,0,400.2747684420465,554.1902919290463,338.24231174858346,549.5821665746748,361.2829385204411,552.0634648424133,-0.05449145624073214,-0.09276240388022976,2.192763777709384,3.0244951975307437,True
PXL_20260602_183730315.TS_dish0.mp4,107074,3636.6538735862514,394.29566192626953,580.1556396484375,218.20525741577148,446.04484228243234,559.9488132271804,1,410.5544326941061,571.2049086221105,393.8942871821474,621.1853451579864,404.8828937964181,598.1447183861287,1.3633001003596965,0.7480400037772695,35.25180683698448,13.608893453710163,True
PXL_20260602_183730315.TS_dish0.mp4,107074,3636.6538735862514,394.29566192626953,580.1556396484375,218.20525741577148,446.04484228243234,559.9488132271804,2,431.46823237933074,525.4781262595005,485.34785190736727,566.9512544488445,459.82592686777105,541.0748582281427,2.638749442661932,-2.201481135240909,82.67521601599984,16.584343299534396,True
PXL_20260602_183730315.TS_dish0.mp4,100909,3427.2662432496686,394.29566192626953,580.1556396484375,218.20525741577148,446.04484228243234,559.9488132271804,0,264.3816572955961,493.5295945084473,230.81552790884783,491.89222234324,239.002388734884,491.89222234324,-0.06442683942555606,-0.3175823432061364,14.504741927135411,3.6913859864514316,True
PXL_20260602_183730315.TS_dish0.mp4,100909,3427.2662432496686,394.29566192626953,580.1556396484375,218.20525741577148,446.04484228243234,559.9488132271804,1,411.74515216424686,545.9255037950786,326.6017995734708,549.2002481254931,374.90427844708415,547.5628759602859,0.04441521524691104,-0.1723772578343917,12.421293737762165,0.6033179888987228,True
PXL_20260602_183730315.TS_dish0.mp4,100909,3427.2662432496686,394.29566192626953,580.1556396484375,218.20525741577148,446.04484228243234,559.9488132271804,2,448.59759031783506,528.2445514308281,484.8275086219466,565.9121649057377,465.5623933332524,548.3722838220011,2.2711289502237015,-2.6062367404702598,80.54753078132629,7.557671581673672,True
PXL_20260602_183730315.TS_dish0.mp4,100909,3427.2662432496686,394.29566192626953,580.1556396484375,218.20525741577148,446.04484228243234,559.9488132271804,3,416.6807575261177,574.8258749646858,389.0770102467946,625.4327449767782,399.1408764423812,598.6916147999339,0.9370036508357226,0.6903963636253352,14.129556754325728,15.690114035437928,True
PXL_20260602_183730315.TS_dish0.mp4,100909,3427.2662432496686,394.29566192626953,580.1556396484375,218.20525741577148,446.04484228243234,559.9488132271804,4,420.7063040043523,533.4202540457011,415.81814042363885,525.9442391575511,417.8309136627562,529.1071685333069,-0.982793723247329,-0.8298644823503857,8.762200067534332,1.2188752351309065,True
PXL_20260602_183730315.TS_dish0.mp4,62908,2136.602927690792,452.7365188598633,532.3403930664062,218.20525741577148,494.06386098708816,507.6167090101303,0,470.33442667174415,532.7039165719492,449.42062698651944,591.1916614543572,467.8531284040056,556.8079568871235,1.4682164743766004,1.0812284179523686,22.17278235507906,22.31758645581896,False
PXL_20260602_183730315.TS_dish0.mp4,62908,2136.602927690792,452.7365188598633,532.3403930664062,218.20525741577148,494.06386098708816,507.6167090101303,1,463.5994742307396,530.9315606664218,387.7426414741619,505.40963562682555,425.3165866713453,514.6258863355686,-0.40265465355187474,0.10160462406833923,28.891928387953957,9.288815014171258,True
PXL_20260602_183730315.TS_dish0.mp4,62908,2136.602927690792,452.7365188598633,532.3403930664062,218.20525741577148,494.06386098708816,507.6167090101303,2,494.79293816802385,431.6796299568808,387.0336991119509,414.3105420827112,415.3913936003912,429.90727405135334,-0.022317722490498175,-0.7792400323101047,43.36845377195717,27.532082435923268,False
PXL_20260602_183730315.TS_dish0.mp4,62908,2136.602927690792,452.7365188598633,532.3403930664062,218.20525741577148,494.06386098708816,507.6167090101303,3,504.718131238978,512.14458806783,545.1278458850053,513.2080016111465,522.0872191131476,512.14458806783,-3.141592653589793,2.9814019106358183,9.178253488327789,2.642545294064774,True
PXL_20260602_183730315.TS_dish0.mp4,101648,3452.3655877458136,400.8458251953125,577.7368621826172,218.2051773071289,437.5000766398142,556.099952736365,0,410.565937402888,571.790007515646,396.7640637632264,621.5342604252596,403.3774615488976,600.256371897448,1.3234423712230738,0.9128829677447432,23.52332105871705,3.0934717948828223,True
PXL_20260602_183730315.TS_dish0.mp4,101648,3452.3655877458136,400.8458251953125,577.7368621826172,218.2051773071289,437.5000766398142,556.099952736365,1,412.2911716078458,564.6015316616557,358.2338331858381,559.7133680809422,377.2114094403727,567.7644610374115,0.08992078903525245,0.19111625420899975,5.7980730603188215,28.140798504286874,False
PXL_20260602_183730315.TS_dish0.mp4,101648,3452.3655877458136,400.8458251953125,577.7368621826172,218.2051773071289,437.5000766398142,556.099952736365,2,403.3774615488977,549.6495018853557,332.3553201114726,562.0136803542192,354.49582574176304,553.96258739775,0.08800737352774227,-0.025744381745285344,6.5174954893495025,14.940655452728963,True
PXL_20260602_183730315.TS_dish0.mp4,101648,3452.3655877458136,400.8458251953125,577.7368621826172,218.2051773071289,437.5000766398142,556.099952736365,3,406.5434572245621,532.6154648859091,433.6364344063832,517.7580257862007,423.5858138389334,523.4388113243245,-2.647651284670213,-1.1680629976010655,84.77416426605302,1.1751332372394514,True
PXL_20260602_183730315.TS_dish0.mp4,101648,3452.3655877458136,400.8458251953125,577.7368621826172,218.2051773071289,437.5000766398142,556.099952736365,4,451.9897415295523,527.8086463536506,479.5197022143061,567.5741451205171,465.5362301204629,542.2291019504263,2.3249546567620802,-2.6821548941117372,73.11375517528509,14.323507624843401,True
PXL_20260602_183730315.TS_dish0.mp4,96816,3288.251876507149,400.8458251953125,577.7368621826172,218.2051773071289,437.5000766398142,556.099952736365,0,403.2789246830378,541.5239185208079,335.2204579107813,548.613342142918,372.0854607457536,541.8783897019134,0.011363147264290956,-0.21407519846843318,12.916665750896192,9.702259663699966,True
PXL_20260602_183730315.TS_dish0.mp4,96816,3288.251876507149,400.8458251953125,577.7368621826172,218.2051773071289,437.5000766398142,556.099952736365,1,413.204117753992,573.7807960014087,356.13425759600597,556.4117081272391,380.2382979111802,573.4263248203032,-0.010752273791101422,0.29382373207277535,17.45091967695196,34.601533059793375,False
PXL_20260602_183730315.TS_dish0.mp4,96816,3288.251876507149,400.8458251953125,577.7368621826172,218.2051773071289,437.5000766398142,556.099952736365,2,437.3081580691662,606.0376734820095,400.0886840530884,623.0522901750736,418.16671428946904,611.7092123796975,0.28805544705062525,1.2362036939769578,54.32489290160668,15.601894573362822,True
PXL_20260602_183730315.TS_dish0.mp4,96816,3288.251876507149,400.8458251953125,577.7368621826172,218.2051773071289,437.5000766398142,556.099952736365,3,445.1065240534873,526.6361289143767,484.0983539750926,563.1466605682435,466.3747949198174,541.8783897019134,2.5197683657592003,-2.683941724364776,61.84937402625488,14.566521616313555,True
PXL_20260602_183730315.TS_dish0.mp4,43053,1462.2490914648645,455.69769287109375,534.346435546875,218.20510864257812,463.6980312831299,536.4514867538783,0,486.6913324331172,557.3015564058034,511.2519149112256,521.2793687712442,505.5211123330003,540.927834753731,-2.4258490639209085,3.03496799984642,47.118229553109565,32.73070839011763,False
PXL_20260602_183730315.TS_dish0.mp4,43053,1462.2490914648645,455.69769287109375,534.346435546875,218.20510864257812,463.6980312831299,536.4514867538783,1,631.5987690539572,581.8621388839118,627.5053386409392,609.6974656924347,626.6866525583355,600.6919187837949,1.315613936174076,2.7661476717512565,83.1094610899178,19.815302896366987,True
PXL_20260602_183730315.TS_dish0.mp4,43053,1462.2490914648645,455.69769287109375,534.346435546875,218.20510864257812,463.6980312831299,536.4514867538783,2,426.1085623204496,638.3514785835613,394.1798050989086,715.307970348301,413.82827108139537,688.2913296223818,1.329678648343428,1.2534592964469335,4.367047180891565,22.212348043842102,False
PXL_20260602_183730315.TS_dish0.mp4,43053,1462.2490914648645,455.69769287109375,534.346435546875,218.20510864257812,463.6980312831299,536.4514867538783,3,322.13542982979044,548.2960094971635,269.739520543159,495.900100210532,301.6682777647,513.092507945208,-1.0441690553611451,-0.1431782737526362,51.622969166360825,31.525724204349125,False
PXL_20260602_183730315.TS_dish0.mp4,43053,1462.2490914648645,455.69769287109375,534.346435546875,218.20510864257812,463.6980312831299,536.4514867538783,4,286.11324219523135,550.7520677449743,253.3657988910867,492.6253558801175,251.72842672587953,531.9222878450911,-0.5010133868035906,-0.021363958417008867,27.481887892413546,63.6799914869876,False
PXL_20260602_183730315.TS_dish0.mp4,149238,5068.709031009068,408.2142333984375,576.9180145263672,218.2051467895508,430.924268563185,617.7304182993417,0,422.65248972944414,574.3249321339001,392.9376115300273,544.6100539344834,409.5429846414661,559.0305095312592,-0.8621700546672214,-1.2214858333186716,20.587277629184975,8.426969021480332,True
PXL_20260602_183730315.TS_dish0.mp4,149238,5068.709031009068,408.2142333984375,576.9180145263672,218.2051467895508,430.924268563185,617.7304182993417,1,400.36633107988155,587.434437221878,344.8694262074415,555.971625010731,374.1473209039256,565.5852620752481,-0.694738276196703,-0.7428998785225769,2.7594565478600273,21.627552293846833,False
PXL_20260602_183730315.TS_dish0.mp4,149238,5068.709031009068,408.2142333984375,576.9180145263672,218.2051467895508,430.924268563185,617.7304182993417,2,459.3591039757824,590.4933217424062,499.1246027426489,548.9798889638093,475.090510081356,571.7030311163045,-2.267817704047498,-2.3355624167467672,3.881486121994435,6.669619842312186,True
PXL_20260602_183730315.TS_dish0.mp4,149238,5068.709031009068,408.2142333984375,576.9180145263672,218.2051467895508,430.924268563185,617.7304182993417,3,558.1173756385498,524.9457963025166,572.5378312353255,513.1472417233364,565.5460951884039,517.5170767526623,-2.3561944901923373,-2.501681108191898,8.335769187006873,12.99461679191719,True
PXL_20260602_183730315.TS_dish0.mp4,44265,1503.4133749957543,442.299072265625,532.345703125,218.2052001953125,469.37881682125374,530.7707012157546,0,495.62873471918806,465.51603990368307,527.0915469303352,483.4323635239196,522.2847283980766,460.27223786849186,-2.9473516574083884,-2.21458845644023,41.98423879797203,89.4040772744461,False
PXL_20260602_183730315.TS_dish0.mp4,44265,1503.4133749957543,442.299072265625,532.345703125,218.2052001953125,469.37881682125374,530.7707012157546,1,355.3570302778238,513.1472417233364,253.10289059159567,489.550132564976,298.98615839951856,503.5336046588192,-0.16891750379142925,-0.15850803069615915,0.596418875313963,7.270964180687439,True
PXL_20260602_183730315.TS_dish0.mp4,44265,1503.4133749957543,442.299072265625,532.345703125,218.2052001953125,469.37881682125374,530.7707012157546,2,329.5750036048005,458.52430385676143,273.20413172649523,493.4829840913694,303.35599342884456,486.49124804444784,0.8176450458327037,-0.2606400695358565,61.78118622239556,33.79236304219809,False
PXL_20260602_183730315.TS_dish0.mp4,44265,1503.4133749957543,442.299072265625,532.345703125,218.2052001953125,469.37881682125374,530.7707012157546,3,431.392159788096,656.0408471822961,406.92108362387046,704.1090325048821,423.0894732323767,679.6379563406565,1.232472704285639,1.2693298732122609,2.1117602242961597,14.068793774715058,True
PXL_20260602_183730315.TS_dish0.mp4,44265,1503.4133749957543,442.299072265625,532.345703125,218.2052001953125,469.37881682125374,530.7707012157546,4,617.9841155403158,600.5439423098562,639.8332906869457,605.3507608421147,625.8498185931026,605.3507608421147,2.5930432511392745,2.6968085263032586,5.945312326909953,31.429565614837976,False
PXL_20260602_183730315.TS_dish0.mp4,116461,3955.473287368814,397.8919906616211,576.7529754638672,218.20522689819336,442.7228231423652,557.4266948946431,0,413.7156916757863,570.4921515366452,397.9842855702127,620.7452543738941,404.5390381142018,597.1481452155338,1.2392421649189616,0.8051332383791111,24.872609339688115,3.472543158733894,True
PXL_20260602_183730315.TS_dish0.mp4,116461,3955.473287368814,397.8919906616211,576.7529754638672,218.20522689819336,442.7228231423652,557.4266948946431,1,401.4801535936735,549.5169433958804,343.3613477036379,557.3826464486672,384.4377969793021,553.0128114193412,0.20232162837830636,-0.07558501586839723,15.922877813979746,5.519719003083582,True
PXL_20260602_183730315.TS_dish0.mp4,116461,3955.473287368814,397.8919906616211,576.7529754638672,218.20522689819336,442.7228231423652,557.4266948946431,2,466.5906955306307,534.659504296172,479.26321711567607,563.5004154897235,476.2043325951479,551.2648774076108,2.095592098445005,-2.9595927303717033,70.35924465023908,16.032339353936024,True
PXL_20260602_183730315.TS_dish0.mp4,136847,4647.861970587236,397.8919906616211,576.7529754638672,218.20522689819336,442.7228231423652,557.4266948946431,0,466.8908016326204,530.3133267599551,487.86600977338514,492.2957620048191,486.1180757616547,521.5736567013031,-2.7149651604629153,-2.451080646141406,15.119468949482016,62.13945702781196,False
PXL_20260602_183730315.TS_dish0.mp4,136847,4647.861970587236,397.8919906616211,576.7529754638672,218.20522689819336,442.7228231423652,557.4266948946431,1,469.0757191472834,538.6160133156744,466.8908016326204,578.8184955854737,465.57985112382266,554.347419421248,1.3521273809209584,-3.0076799269441175,110.2014417690376,15.59529321027709,True
PXL_20260602_183730315.TS_dish0.mp4,136847,4647.861970587236,397.8919906616211,576.7529754638672,218.20522689819336,442.7228231423652,557.4266948946431,2,412.04462935004096,593.6017316355637,393.6421311638256,624.6559473248022,391.9168969588679,601.9403636261926,0.3927606656373223,0.7194815851710629,18.719729767916714,71.83971145192193,False
PXL_20260602_183730315.TS_dish0.mp4,136847,4647.861970587236,397.8919906616211,576.7529754638672,218.20522689819336,442.7228231423652,557.4266948946431,3,413.8607374025864,579.1530355689622,365.84171869793056,558.4502251094698,378.2058971667941,566.501318065939,-0.3409789534963522,0.13973821562736752,27.543064930265754,13.534022884632964,True
PXL_20260602_183730315.TS_dish0.mp4,136847,4647.861970587236,397.8919906616211,576.7529754638672,218.20522689819336,442.7228231423652,557.4266948946431,4,422.4869084273748,573.1147158516102,379.0685142692729,552.4119053921179,392.8703879089345,564.7760838609813,-0.2744485869008397,0.1463685769722965,24.11104743659583,26.130296812554246,False
PXL_20260602_183730315.TS_dish0.mp4,88473,3004.890805964066,445.8366165161133,533.6569061279297,218.20520401000977,485.2786001979883,511.132910394945,0,447.5516551031864,520.2122242358961,352.73997848299393,515.902602571342,400.68451950115946,504.5898457018872,-0.32175055439664,-0.0771929113838469,14.012120792300093,31.711345865237803,False
PXL_20260602_183730315.TS_dish0.mp4,88473,3004.890805964066,445.8366165161133,533.6569061279297,218.20520401000977,485.2786001979883,511.132910394945,1,469.09976342595746,530.4475756892124,407.1489519979907,510.5155754906492,429.235763028831,531.5249811053509,0.027020449187263557,0.3489736126591552,18.44655746782486,45.11606151481315,False
PXL_20260602_183730315.TS_dish0.mp4,88473,3004.890805964066,445.8366165161133,533.6569061279297,218.20520401000977,485.2786001979883,511.132910394945,2,463.71273634526466,535.2959000618358,441.0872226063551,589.7048735768327,454.0160876000177,561.6923327572304,1.2187520124794806,1.0170062985862813,11.559177940934148,4.60448715698157,True
PXL_20260602_183730315.TS_dish0.mp4,88473,3004.890805964066,445.8366165161133,533.6569061279297,218.20520401000977,485.2786001979883,511.132910394945,3,501.9606286181833,477.65471029842337,526.2022504813006,505.6672511180256,514.3507909037766,488.96746716787806,2.4016177696139227,-2.490185152336883,79.72033836245478,12.240100315430967,True
PXL_20260602_183730315.TS_dish0.mp4,129790,4408.178514417688,386.0728454589844,577.0471954345703,218.20520782470703,445.95330250893113,595.1705328537519,0,437.8554831150968,507.3171596807037,491.1870512139551,557.4165115311464,477.7194835122232,524.0169436308513,2.744883990698578,-1.9906901800057026,88.67158644747987,45.30970389995871,False
PXL_20260602_183730315.TS_dish0.mp4,129790,4408.178514417688,386.0728454589844,577.0471954345703,218.20520782470703,445.95330250893113,595.1705328537519,1,455.0939697733137,559.5713223634234,466.4067266427685,531.0200788357519,462.09710497821425,547.7198627858993,-2.104504518434155,-1.898734582978202,11.789748852305452,16.108932772422733,True
PXL_20260602_183730315.TS_dish0.mp4,129790,4408.178514417688,386.0728454589844,577.0471954345703,218.20520782470703,445.95330250893113,595.1705328537519,2,444.3199156119282,552.0294844504535,381.8304014758922,547.7198627858993,430.31364520212696,543.9489438294145,-0.5232783221319697,-1.2744537982242001,43.039184453815075,34.42902421893936,False
PXL_20260602_183730315.TS_dish0.mp4,129790,4408.178514417688,386.0728454589844,577.0471954345703,218.20520782470703,445.95330250893113,595.1705328537519,3,413.07515854391016,573.0388900651553,348.9695362836664,555.2617006988692,378.0594825194073,563.3422413199083,-0.2701531997114062,-0.43837355165253905,9.638316194432264,0.045472831335882244,True
PXL_20260602_183730315.TS_dish0.mp4,129790,4408.178514417688,386.0728454589844,577.0471954345703,218.20520782470703,445.95330250893113,595.1705328537519,4,409.8429422954945,580.5807279781252,396.3753745937627,622.5995392075287,403.9172125067325,599.4353227605498,1.2662854435927844,0.1011094712096888,66.75966560760314,0.5870971438475175,True
PXL_20260602_183730315.TS_dish0.mp4,135744,4610.399755459702,386.0728454589844,577.0471954345703,218.20520782470703,445.95330250893113,595.1705328537519,0,470.17764559925337,499.2366190596643,514.8899703690032,480.3820242772397,480.95169976063886,494.38829468704085,-2.7187387274568553,-1.9050347887943089,46.62180145853591,1.8018833966021977,True
PXL_20260602_183730315.TS_dish0.mp4,135744,4610.399755459702,386.0728454589844,577.0471954345703,218.20520782470703,445.95330250893113,595.1705328537519,1,471.2550510153919,531.0200788357516,475.5646726799461,583.2742415184713,479.33559163643105,552.0294844504533,1.9379701606131163,-2.229352567791781,121.22999579345633,27.91923465605881,False
PXL_20260602_183730315.TS_dish0.mp4,135744,4610.399755459702,386.0728454589844,577.0471954345703,218.20520782470703,445.95330250893113,595.1705328537519,2,416.30737479232585,568.1905656925315,369.97894189836813,554.7229979907996,394.2205637614855,553.1068898665918,-0.5991753229863064,-0.6826749875502789,4.784178370273702,38.144292029793625,False
PXL_20260602_183730315.TS_dish0.mp4,135744,4610.399755459702,386.0728454589844,577.0471954345703,218.20520782470703,445.95330250893113,595.1705328537519,3,411.4590504197023,584.8903496426791,387.7561312646542,620.4447283752512,385.6013204323771,606.4384579654501,0.6947382761967034,0.18457837126905133,29.2300094291498,58.94059117028987,False
PXL_20260602_183730315.TS_dish0.mp4,89362,3035.0847400061134,449.6396942138672,537.721923828125,218.20520782470703,495.93373904480706,506.9072087584816,0,455.1802427993859,529.0658055855505,360.18196626311106,518.7861413334908,401.65509445245493,518.7861413334908,-0.18974264803173913,0.1253376440918009,18.05277094642792,10.871452925854914,True
PXL_20260602_183730315.TS_dish0.mp4,89362,3035.0847400061134,449.6396942138672,537.721923828125,218.20520782470703,495.93373904480706,506.9072087584816,1,470.068032405817,531.547103853289,447.38187681506486,588.6169640112751,455.5347139804914,564.8673948772064,1.1595025793173679,0.9620776210163271,11.311616881195917,4.618891181072829,True
PXL_20260602_183730315.TS_dish0.mp4,89362,3035.0847400061134,449.6396942138672,537.721923828125,218.20520782470703,495.93373904480706,506.9072087584816,2,512.6045741384775,507.4430635381147,528.555777288225,508.8609482625368,523.2387095716425,507.4430635381147,-3.141592653589793,3.1219703652887447,1.124274304039029,14.931417178138458,True
PXL_20260602_183730315.TS_dish0.mp4,103641,3520.0557008457017,402.233772277832,576.5084533691406,218.20518112182617,437.75384657332535,547.8486145717466,0,403.5674042724094,549.352262852969,332.99734951533435,552.0457763933154,362.0872957510752,547.7361547287612,-0.03894134309703891,-0.0014862546126009314,2.1460184914473492,10.658143629511779,True
PXL_20260602_183730315.TS_dish0.mp4,103641,3520.0557008457017,402.233772277832,576.5084533691406,218.20518112182617,437.75384657332535,547.8486145717466,1,417.5736746822106,573.0551820080171,397.6416744836474,623.1545338584598,404.1061069804786,601.6064255356888,1.1300454790154726,1.0115403825226172,6.789841879831185,8.55391916058061,True
PXL_20260602_183730315.TS_dish0.mp4,103641,3520.0557008457017,402.233772277832,576.5084533691406,218.20518112182617,437.75384657332535,547.8486145717466,2,447.2023236260207,529.4202626544059,468.2117292407224,546.1200466045534,481.6792969424544,562.819830554701,2.372066173184136,2.8131082046382687,25.269846990197898,172.9751159845157,False
PXL_20260602_183730315.TS_dish0.mp4,86762,2946.7785212104745,455.5652847290039,540.9542236328125,218.20518112182617,501.32076612549986,506.9072087584816,0,345.1201003553266,507.8495330265108,283.70799163542915,543.9426144671522,314.41404599537793,528.8589386412125,0.6000502134017526,0.11691192068785286,27.681785093662622,8.218778281825593,True
PXL_20260602_183730315.TS_dish0.mp4,86762,2946.7785212104745,455.5652847290039,540.9542236328125,218.20518112182617,501.32076612549986,506.9072087584816,1,460.9411825902208,527.2428305170047,443.1639932239347,594.5806690256642,461.47988529829007,560.1036957092306,1.587188301102901,0.9279751207040965,37.77013303624767,28.91866533421571,False
PXL_20260602_183730315.TS_dish0.mp4,86762,2946.7785212104745,455.5652847290039,540.9542236328125,218.20518112182617,501.32076612549986,506.9072087584816,2,451.24453384497383,518.6235871878964,394.1420467896306,515.3913709394807,436.6995607271034,518.084884479827,-0.03702011587394015,0.1712775022757471,11.934574402604703,1.5003883074552298,True
PXL_20260602_183730315.TS_dish0.mp4,86762,2946.7785212104745,455.5652847290039,540.9542236328125,218.20518112182617,501.32076612549986,506.9072087584816,3,503.4986965276936,477.14347866656215,534.2047508876423,505.6947221942337,519.6597777697718,497.0754788651253,2.2520945520827453,-2.6494759555136524,79.16069692892977,20.313819144200366,False
PXL_20260602_183730315.TS_dish0.mp4,116425,3954.2505858777977,404.3885269165039,577.5859222412109,218.20515823364255,442.6021709459488,553.2356416524393,0,418.9223713608173,571.4164525786853,398.99037116225406,620.4383990129894,402.761290118739,599.4289933982877,1.0475180046629224,0.8591009690680613,10.795500927951746,19.80612852580599,True
PXL_20260602_183730315.TS_dish0.mp4,116425,3954.2505858777977,404.3885269165039,577.5859222412109,218.20515823364255,442.6021709459488,553.2356416524393,1,407.0709117832933,552.0231550881914,353.73934368443497,557.9488848769535,384.4453980443837,550.9457496720529,-0.047583103276981245,-0.039354138628069295,0.47148494414499725,15.574015852623758,True
PXL_20260602_183730315.TS_dish0.mp4,116425,3954.2505858777977,404.3885269165039,577.5859222412109,218.20515823364255,442.6021709459488,553.2356416524393,2,466.8669123789828,546.0974252994295,490.0311288259616,569.8003444544775,480.3344800807147,556.3327767527456,2.4917222041778473,3.059694471664033,32.54241380743392,17.0112787639886,True
PXL_20260602_183730315.TS_dish0.mp4,154926,5261.895866589682,404.3885269165039,577.5859222412109,218.20515823364255,447.4089894782074,614.4133320630032,0,431.5612828589027,582.7052590080423,420.19971178265513,541.1918262294454,428.0654148354419,560.4191003584798,-1.4152014988178667,-1.2267885138818797,10.795268842294012,13.334096700064434,True
PXL_20260602_183730315.TS_dish0.mp4,154926,5261.895866589682,404.3885269165039,577.5859222412109,218.20515823364255,447.4089894782074,614.4133320630032,1,434.18318387649833,554.738314820356,364.70280691021503,547.3095952705019,394.8546686125644,564.3519518848732,0.2397431088704572,-0.7611089913257529,57.344601258047454,43.21215730886826,False
PXL_20260602_183730315.TS_dish0.mp4,154926,5261.895866589682,404.3885269165039,577.5859222412109,218.20515823364255,447.4089894782074,614.4133320630032,2,432.8722333677005,375.57507861799047,488.3691382401406,393.9283857411596,458.6542600407239,382.12983116197944,2.892629947797077,-1.619170394046115,101.49288240670302,7.391476740342682,True
PXL_20260602_183730315.TS_dish0.mp4,154926,5261.895866589682,404.3885269165039,577.5859222412109,218.20515823364255,447.4089894782074,614.4133320630032,3,473.51169914043226,609.7982361898635,474.38566614629747,570.9067044288622,477.007567163893,591.8819125696269,-1.7634970854572791,-2.490940985732509,41.67946531830622,18.16595652922517,True
